index,id,terrestrial_date,sol,ls,month,min_temp,pressure
0,2,8/16/2012,10,155,6,-75,739
1,13,8/17/2012,11,156,6,-76,740
2,24,8/18/2012,12,156,6,-76,741
3,35,8/19/2012,13,157,6,-74,732
4,46,8/20/2012,14,157,6,-74,740
5,57,8/21/2012,15,158,6,-78,740
6,68,8/22/2012,16,158,6,-77,740
7,79,8/23/2012,17,159,6,-76,742
8,112,8/27/2012,21,161,6,-74,741
9,114,8/28/2012,22,162,6,-74,742
10,123,8/29/2012,23,162,6,-75,741
11,134,8/30/2012,24,163,6,-75,742
12,145,8/31/2012,25,163,6,-75,743
13,156,9/1/2012,26,164,6,-76,745
14,163,9/2/2012,27,164,6,-75,743
15,170,9/3/2012,28,165,6,-75,745
16,171,9/4/2012,29,166,6,-75,747
17,172,9/5/2012,30,166,6,-74,747
18,173,9/6/2012,31,167,6,-74,745
19,175,9/8/2012,33,168,6,-73,748
20,176,9/10/2012,34,168,6,-73,748
21,177,9/11/2012,35,169,6,-73,749
22,178,9/12/2012,36,169,6,-73,750
23,179,9/13/2012,37,170,6,-73,750
24,180,9/14/2012,38,171,6,-73,750
25,181,9/15/2012,39,171,6,-75,751
26,182,9/16/2012,40,172,6,-75,753
27,183,9/17/2012,41,172,6,-75,753
28,184,9/18/2012,42,173,6,-75,754
29,185,9/19/2012,43,173,6,-74,756
30,186,9/20/2012,44,174,6,-75,757
31,187,9/21/2012,45,175,6,-74,758
32,188,9/22/2012,46,175,6,-74,758
33,189,9/23/2012,47,176,6,-75,758
34,190,9/24/2012,48,176,6,-75,759
35,191,9/25/2012,49,177,6,-74,761
36,192,9/26/2012,50,177,6,-72,761
37,193,9/27/2012,51,178,6,-76,762
38,194,9/28/2012,52,179,6,-74,762
39,195,9/29/2012,53,179,6,-71,764
40,196,9/30/2012,54,180,7,-72,766
41,197,10/1/2012,55,180,7,-74,766
42,198,10/2/2012,56,181,7,-73,768
43,199,10/3/2012,57,181,7,-73,769
44,200,10/4/2012,58,182,7,-74,769
45,201,10/5/2012,59,183,7,-76,771
46,202,10/6/2012,60,183,7,-75,772
47,203,10/7/2012,61,184,7,-72,772
48,204,10/8/2012,62,184,7,-72,774
49,205,10/9/2012,63,185,7,-73,775
50,206,10/10/2012,64,186,7,-74,776
51,207,10/11/2012,65,186,7,-72,777
52,208,10/12/2012,66,187,7,-73,778
53,209,10/13/2012,67,187,7,-73,780
54,210,10/14/2012,68,188,7,-71,781
55,211,10/15/2012,69,189,7,-73,778
56,212,10/17/2012,70,189,7,-72,783
57,213,10/18/2012,71,190,7,-71,784
58,214,10/19/2012,72,190,7,-73,785
59,215,10/20/2012,73,191,7,-70,788
60,216,10/21/2012,74,192,7,-72,790
61,217,10/22/2012,75,192,7,-73,791
62,218,10/23/2012,76,193,7,-73,792
63,219,10/24/2012,77,193,7,-71,792
64,220,10/25/2012,78,194,7,-71,793
65,221,10/26/2012,79,195,7,-73,795
66,222,10/27/2012,80,195,7,-70,796
67,223,10/28/2012,81,196,7,-72,798
68,224,10/29/2012,82,196,7,-72,799
69,225,10/30/2012,83,197,7,-72,801
70,226,10/31/2012,84,198,7,-70,801
71,227,11/1/2012,85,198,7,-71,805
72,228,11/2/2012,86,199,7,-71,808
73,229,11/3/2012,87,199,7,-70,808
74,230,11/4/2012,88,200,7,-70,811
75,231,11/5/2012,89,201,7,-73,813
76,233,11/6/2012,90,201,7,-71,813
77,234,11/7/2012,91,202,7,-74,817
78,235,11/8/2012,92,202,7,-74,820
79,236,11/9/2012,93,203,7,-72,819
80,237,11/10/2012,94,204,7,-70,822
81,238,11/11/2012,95,204,7,-68,822
82,239,11/12/2012,96,205,7,-71,826
83,240,11/13/2012,97,206,7,-68,828
84,241,11/14/2012,98,206,7,-68,828
85,242,11/15/2012,99,207,7,-68,829
86,3,11/16/2012,100,207,7,-66,829
87,4,11/17/2012,101,208,7,-65,830
88,5,11/18/2012,102,209,7,-67,833
89,6,11/19/2012,103,209,7,-66,836
90,7,11/20/2012,104,210,8,-67,838
91,8,11/21/2012,105,211,8,-66,839
92,9,11/23/2012,106,211,8,-66,841
93,10,11/24/2012,107,212,8,-66,844
94,11,11/25/2012,108,212,8,-65,845
95,12,11/26/2012,109,213,8,-64,844
96,14,11/27/2012,110,214,8,-65,848
97,15,11/28/2012,111,214,8,-66,849
98,16,11/29/2012,112,215,8,-65,852
99,17,11/30/2012,113,216,8,-66,857
100,18,12/1/2012,114,216,8,-69,857
101,19,12/2/2012,115,217,8,-66,857
102,20,12/3/2012,116,217,8,-67,859
103,21,12/4/2012,117,218,8,-66,861
104,22,12/5/2012,118,219,8,-65,864
105,23,12/6/2012,119,219,8,-66,866
106,25,12/7/2012,120,220,8,-67,867
107,26,12/8/2012,121,221,8,-66,869
108,27,12/9/2012,122,221,8,-65,869
109,28,12/10/2012,123,222,8,-66,875
110,29,12/11/2012,124,223,8,-66,876
111,30,12/12/2012,125,223,8,-68,880
112,31,12/13/2012,126,224,8,-66,880
113,32,12/14/2012,127,224,8,-67,884
114,33,12/15/2012,128,225,8,-67,883
115,34,12/16/2012,129,226,8,-65,886
116,36,12/17/2012,130,226,8,-65,888
117,37,12/18/2012,131,227,8,-65,889
118,38,12/19/2012,132,228,8,-65,890
119,39,12/20/2012,133,228,8,-65,891
120,40,12/21/2012,134,229,8,-67,893
121,41,12/22/2012,135,230,8,-65,894
122,42,12/23/2012,136,230,8,-65,897
123,43,12/24/2012,137,231,8,-64,896
124,44,12/25/2012,138,232,8,-65,899
125,45,12/26/2012,139,232,8,-66,899
126,47,12/27/2012,140,233,8,-66,903
127,48,12/28/2012,141,233,8,-64,904
128,49,12/29/2012,142,234,8,-65,906
129,50,12/31/2012,143,235,8,-63,908
130,51,1/1/2013,144,235,8,-64,907
131,52,1/2/2013,145,236,8,-64,909
132,53,1/3/2013,146,237,8,-65,908
133,54,1/4/2013,147,237,8,-65,914
134,55,1/5/2013,148,238,8,-65,912
135,56,1/6/2013,149,239,8,-65,914
136,58,1/7/2013,150,239,8,-64,913
137,59,1/8/2013,151,240,9,-65,915
138,60,1/9/2013,152,241,9,-63,914
139,61,1/10/2013,153,241,9,-65,915
140,62,1/11/2013,154,242,9,-65,917
141,63,1/12/2013,155,243,9,-64,917
142,64,1/13/2013,156,243,9,-65,922
143,65,1/14/2013,157,244,9,-64,920
144,66,1/15/2013,158,245,9,-66,922
145,67,1/16/2013,159,245,9,-65,918
146,69,1/17/2013,160,246,9,-67,919
147,70,1/18/2013,161,246,9,-65,919
148,71,1/19/2013,162,247,9,-65,919
149,72,1/20/2013,163,248,9,-65,919
150,73,1/21/2013,164,248,9,-64,919
151,74,1/22/2013,165,249,9,-65,922
152,75,1/23/2013,166,250,9,-65,922
153,76,1/24/2013,167,250,9,-65,920
154,77,1/25/2013,168,251,9,-66,923
155,78,1/26/2013,169,252,9,-66,922
156,80,1/27/2013,170,252,9,-66,925
157,81,1/28/2013,171,253,9,-67,925
158,82,1/29/2013,172,254,9,-67,923
159,83,1/30/2013,173,254,9,-67,920
160,84,1/31/2013,174,255,9,-67,921
161,85,2/1/2013,175,256,9,-68,921
162,86,2/2/2013,176,256,9,-67,920
163,87,2/3/2013,177,257,9,-66,921
164,88,2/4/2013,178,258,9,-66,920
165,89,2/6/2013,179,258,9,-66,920
166,91,2/7/2013,180,259,9,-67,919
167,92,2/8/2013,181,260,9,-67,918
168,93,2/9/2013,182,260,9,-67,921
169,94,2/10/2013,183,261,9,-67,921
170,95,2/11/2013,184,261,9,-67,923
171,96,2/12/2013,185,262,9,-67,923
172,97,2/13/2013,186,263,9,-66,922
173,98,2/14/2013,187,263,9,-67,921
174,99,2/15/2013,188,264,9,-68,920
175,100,2/16/2013,189,265,9,-68,920
176,102,2/17/2013,190,265,9,-66,917
177,103,2/18/2013,191,266,9,-67,921
178,106,2/23/2013,196,269,9,-66,916
179,107,2/24/2013,197,270,10,-68,915
180,108,2/25/2013,198,271,10,-67,914
181,109,2/26/2013,199,271,10,-66,917
182,116,3/23/2013,223,287,10,-71,895
183,117,3/24/2013,224,287,10,-69,894
184,118,3/25/2013,225,288,10,-71,894
185,119,3/26/2013,226,288,10,-70,894
186,120,3/27/2013,227,289,10,-70,892
187,121,3/28/2013,228,290,10,-71,894
188,122,3/29/2013,229,290,10,-69,894
189,124,3/30/2013,230,291,10,-69,888
190,125,3/31/2013,231,292,10,-71,890
191,126,4/1/2013,232,292,10,-69,888
192,127,4/2/2013,233,293,10,-69,889
193,128,4/3/2013,234,293,10,-69,890
194,129,4/4/2013,235,294,10,-70,886
195,130,4/5/2013,236,295,10,-72,886
196,131,4/6/2013,237,295,10,-71,883
197,132,4/7/2013,238,296,10,-70,885
198,133,4/8/2013,239,297,10,-73,885
199,135,4/9/2013,240,297,10,-70,884
200,136,4/10/2013,241,298,10,-72,884
201,137,4/11/2013,242,298,10,-70,881
202,138,4/12/2013,243,299,10,-71,884
203,139,4/13/2013,244,300,11,-69,878
204,140,4/14/2013,245,300,11,-70,879
205,141,4/15/2013,246,301,11,-73,878
206,142,4/16/2013,247,301,11,-71,873
207,143,4/17/2013,248,302,11,-70,877
208,144,4/18/2013,249,303,11,-69,873
209,146,4/19/2013,250,303,11,-70,877
210,147,4/20/2013,251,304,11,-71,876
211,148,4/22/2013,252,304,11,-71,874
212,149,4/23/2013,253,305,11,-71,877
213,150,4/24/2013,254,306,11,-70,871
214,151,4/25/2013,255,306,11,-69,877
215,152,4/26/2013,256,307,11,-70,871
216,153,4/27/2013,257,308,11,-70,871
217,154,4/28/2013,258,308,11,-71,869
218,155,4/29/2013,259,309,11,-72,871
219,157,4/30/2013,260,309,11,-70,875
220,158,5/1/2013,261,310,11,-70,868
221,161,5/8/2013,268,314,11,-70,864
222,162,5/9/2013,269,315,11,-72,866
223,164,5/10/2013,270,315,11,-67,863
224,165,5/11/2013,271,316,11,-69,864
225,166,5/12/2013,272,316,11,-71,864
226,167,5/13/2013,273,317,11,-70,861
227,168,5/14/2013,274,318,11,-70,861
228,169,5/15/2013,275,318,11,-67,860
229,244,5/16/2013,276,319,11,-69,858
230,245,5/17/2013,277,319,11,-69,857
231,246,5/18/2013,278,320,11,-67,855
232,247,5/19/2013,279,321,11,-68,856
233,248,5/20/2013,280,321,11,-69,856
234,249,5/21/2013,281,322,11,-68,855
235,250,5/22/2013,282,322,11,-72,856
236,251,5/23/2013,283,323,11,-68,854
237,252,5/24/2013,284,323,11,-71,854
238,253,5/25/2013,285,324,11,-70,852
239,254,5/26/2013,286,325,11,-71,854
240,255,5/27/2013,287,325,11,-72,856
241,256,5/29/2013,288,326,11,-69,854
242,257,5/30/2013,289,326,11,-71,854
243,258,5/31/2013,290,327,11,-71,853
244,259,6/1/2013,291,327,11,-70,853
245,260,6/2/2013,292,328,11,-71,853
246,261,6/3/2013,293,329,11,-72,850
247,262,6/4/2013,294,329,11,-72,852
248,263,6/5/2013,295,330,12,-71,853
249,264,6/6/2013,296,330,12,-71,850
250,265,6/7/2013,297,331,12,-72,849
251,266,6/8/2013,298,331,12,-72,850
252,267,6/9/2013,299,332,12,-71,849
253,286,6/10/2013,300,333,12,-72,852
254,276,6/11/2013,301,333,12,-73,852
255,287,6/12/2013,302,334,12,-71,850
256,283,6/13/2013,303,334,12,-71,849
257,281,6/14/2013,304,335,12,-70,848
258,275,6/15/2013,305,335,12,-71,847
259,280,6/16/2013,306,336,12,-71,848
260,279,6/17/2013,307,336,12,-72,851
261,282,6/18/2013,308,337,12,-73,850
262,284,6/19/2013,309,338,12,-72,848
263,278,6/20/2013,310,338,12,-71,849
264,277,6/21/2013,311,339,12,-74,846
265,285,6/22/2013,312,339,12,-71,845
266,274,6/23/2013,313,340,12,-77,849
267,272,6/24/2013,314,340,12,-73,848
268,273,6/25/2013,315,341,12,-74,850
269,288,6/26/2013,316,341,12,-74,851
270,268,6/27/2013,317,342,12,-72,849
271,270,6/28/2013,318,342,12,-74,849
272,271,6/29/2013,319,343,12,-73,847
273,269,6/30/2013,320,344,12,-74,846
274,289,7/1/2013,321,344,12,-75,847
275,291,7/2/2013,322,345,12,-74,849
276,290,7/3/2013,323,345,12,-74,847
277,292,7/4/2013,324,346,12,-75,850
278,294,7/6/2013,325,346,12,-74,847
279,295,7/7/2013,326,347,12,-72,848
280,296,7/8/2013,327,347,12,-74,848
281,293,7/9/2013,328,348,12,-75,847
282,298,7/10/2013,329,348,12,-74,847
283,297,7/11/2013,330,349,12,-75,848
284,303,7/12/2013,331,349,12,-74,848
285,300,7/13/2013,332,350,12,-76,849
286,299,7/14/2013,333,350,12,-75,849
287,301,7/15/2013,334,351,12,-74,852
288,302,7/16/2013,335,352,12,-76,852
289,305,7/17/2013,336,352,12,-76,852
290,304,7/18/2013,337,353,12,-75,853
291,306,7/19/2013,338,353,12,-78,848
292,308,7/20/2013,339,354,12,-76,849
293,307,7/21/2013,340,354,12,-76,851
294,310,7/22/2013,341,355,12,-77,852
295,309,7/23/2013,342,355,12,-76,851
296,311,7/24/2013,343,356,12,-77,850
297,317,7/25/2013,344,356,12,-77,851
298,312,7/26/2013,345,357,12,-77,853
299,314,7/27/2013,346,357,12,-76,853
300,313,7/28/2013,347,358,12,-77,851
301,315,7/29/2013,348,358,12,-74,850
302,316,7/30/2013,349,359,12,-75,852
303,318,7/31/2013,350,359,12,-76,853
304,320,8/1/2013,351,0,1,-75,853
305,319,8/2/2013,352,0,1,-77,854
306,323,8/3/2013,353,1,1,-75,855
307,322,8/4/2013,354,1,1,-75,857
308,321,8/5/2013,355,2,1,-75,857
309,324,8/6/2013,356,2,1,-77,856
310,325,8/7/2013,357,3,1,-76,857
311,326,8/17/2013,366,7,1,-76,861
312,328,8/18/2013,367,8,1,-76,862
313,330,8/19/2013,368,8,1,-77,863
314,331,8/20/2013,369,9,1,-75,865
315,332,8/21/2013,370,9,1,-79,865
316,333,8/22/2013,371,10,1,-77,865
317,334,8/23/2013,372,10,1,-76,866
318,335,8/24/2013,373,11,1,-79,866
319,337,8/25/2013,374,11,1,-79,866
320,336,8/26/2013,375,12,1,-77,867
321,340,8/27/2013,376,12,1,-78,870
322,338,8/28/2013,377,13,1,-78,870
323,339,8/29/2013,378,13,1,-78,869
324,341,8/30/2013,379,14,1,-79,870
325,343,8/31/2013,380,14,1,-79,870
326,345,9/1/2013,381,15,1,-79,871
327,344,9/2/2013,382,15,1,-76,872
328,342,9/3/2013,383,16,1,-77,874
329,346,9/4/2013,384,16,1,-77,875
330,351,9/5/2013,385,17,1,-78,874
331,347,9/6/2013,386,17,1,-77,873
332,349,9/7/2013,387,18,1,-78,874
333,350,9/8/2013,388,18,1,-79,875
334,348,9/9/2013,389,19,1,-79,875
335,352,9/10/2013,390,19,1,-78,875
336,353,9/11/2013,391,20,1,-78,875
337,354,9/12/2013,392,20,1,-77,876
338,355,9/13/2013,393,21,1,-76,877
339,356,9/14/2013,394,21,1,-79,878
340,357,9/15/2013,395,22,1,-77,878
341,358,9/16/2013,396,22,1,-78,879
342,359,9/18/2013,397,23,1,-75,880
343,360,9/19/2013,398,23,1,-79,880
344,361,9/20/2013,399,24,1,-79,881
345,363,9/21/2013,400,24,1,-79,881
346,362,9/22/2013,401,25,1,-79,882
347,365,9/23/2013,402,25,1,-78,883
348,364,9/24/2013,403,25,1,-80,883
349,367,9/25/2013,404,26,1,-78,884
350,366,9/26/2013,405,26,1,-82,885
351,374,9/27/2013,406,27,1,-81,886
352,370,9/28/2013,407,27,1,-81,887
353,369,9/29/2013,408,28,1,-80,887
354,368,9/30/2013,409,28,1,-81,887
355,373,10/1/2013,410,29,1,-81,888
356,372,10/2/2013,411,29,1,-82,887
357,371,10/3/2013,412,30,2,-80,888
358,376,10/4/2013,413,30,2,-82,888
359,375,10/5/2013,414,31,2,-79,889
360,377,10/6/2013,415,31,2,-82,890
361,378,10/7/2013,416,32,2,-79,889
362,379,10/8/2013,417,32,2,-82,890
363,380,10/9/2013,418,33,2,-79,891
364,381,10/10/2013,419,33,2,-82,891
365,385,10/11/2013,420,33,2,-80,892
366,382,10/12/2013,421,34,2,-81,890
367,384,10/13/2013,422,34,2,-82,891
368,383,10/14/2013,423,35,2,-81,892
369,386,10/15/2013,424,35,2,-81,893
370,393,10/16/2013,425,36,2,-81,893
371,388,10/17/2013,426,36,2,-79,893
372,392,10/18/2013,427,37,2,-81,893
373,391,10/19/2013,428,37,2,-81,894
374,387,10/20/2013,429,38,2,-82,895
375,390,10/21/2013,430,38,2,-82,896
376,389,10/22/2013,431,39,2,-83,895
377,395,10/23/2013,432,39,2,-80,896
378,394,10/24/2013,433,40,2,-81,895
379,397,10/26/2013,434,40,2,-80,896
380,396,10/27/2013,435,40,2,-81,896
381,398,10/28/2013,436,41,2,-81,897
382,399,10/29/2013,437,41,2,-82,898
383,400,10/30/2013,438,42,2,-79,899
384,401,10/31/2013,439,42,2,-80,899
385,404,11/1/2013,440,43,2,-80,899
386,402,11/2/2013,441,43,2,-81,900
387,405,11/3/2013,442,44,2,-80,900
388,403,11/4/2013,443,44,2,-81,901
389,407,11/16/2013,455,50,2,-84,905
390,406,11/17/2013,456,50,2,-83,905
391,409,11/24/2013,463,53,2,-86,906
392,410,11/25/2013,464,54,2,-84,906
393,412,11/26/2013,465,54,2,-85,906
394,415,11/27/2013,466,55,2,-85,907
395,411,11/28/2013,467,55,2,-84,907
396,414,11/29/2013,468,55,2,-85,907
397,413,11/30/2013,469,56,2,-85,908
398,475,12/2/2013,470,56,2,-85,907
399,479,12/3/2013,471,57,2,-84,906
400,416,12/4/2013,472,57,2,-84,907
401,417,12/5/2013,473,58,2,-86,907
402,420,12/6/2013,474,58,2,-84,906
403,419,12/7/2013,475,59,2,-85,906
404,418,12/8/2013,476,59,2,-85,906
405,421,12/9/2013,477,60,3,-85,907
406,422,12/18/2013,486,64,3,-84,904
407,473,12/19/2013,487,64,3,-85,904
408,480,12/20/2013,488,64,3,-87,903
409,423,12/21/2013,489,65,3,-85,904
410,434,12/22/2013,490,65,3,-87,903
411,433,12/23/2013,491,66,3,-86,903
412,427,12/24/2013,492,66,3,-86,903
413,426,12/25/2013,493,67,3,-84,902
414,429,12/26/2013,494,67,3,-85,902
415,431,12/27/2013,495,68,3,-86,900
416,428,12/28/2013,496,68,3,-85,901
417,425,12/29/2013,497,69,3,-86,901
418,424,12/30/2013,498,69,3,-86,901
419,432,12/31/2013,499,69,3,-84,899
420,430,1/1/2014,500,70,3,-85,897
421,435,1/2/2014,501,70,3,-86,898
422,437,1/3/2014,502,71,3,-87,898
423,483,1/4/2014,503,71,3,-86,897
424,436,1/5/2014,504,72,3,-85,895
425,438,1/6/2014,505,72,3,-85,895
426,439,1/8/2014,506,73,3,-86,894
427,440,1/9/2014,507,73,3,-85,894
428,442,1/10/2014,508,73,3,-83,893
429,443,1/11/2014,509,74,3,-86,895
430,441,1/12/2014,510,74,3,-85,892
431,446,1/13/2014,511,75,3,-85,892
432,444,1/14/2014,512,75,3,-86,890
433,445,1/15/2014,513,76,3,-86,889
434,447,1/16/2014,514,76,3,-86,888
435,450,1/17/2014,515,77,3,-86,888
436,449,1/18/2014,516,77,3,-86,888
437,448,1/19/2014,517,77,3,-86,885
438,451,1/20/2014,518,78,3,-85,885
439,452,1/21/2014,519,78,3,-86,884
440,453,1/22/2014,520,79,3,-86,884
441,454,1/23/2014,521,79,3,-87,882
442,455,1/24/2014,522,80,3,-85,881
443,458,1/25/2014,523,80,3,-85,881
444,457,1/26/2014,524,81,3,-85,880
445,456,1/27/2014,525,81,3,-87,878
446,459,1/28/2014,526,82,3,-87,878
447,460,1/29/2014,527,82,3,-86,877
448,461,1/30/2014,528,82,3,-86,876
449,462,1/31/2014,529,83,3,-87,875
450,463,2/1/2014,530,83,3,-87,873
451,465,2/2/2014,531,84,3,-87,872
452,464,2/3/2014,532,84,3,-88,872
453,466,2/4/2014,533,85,3,-87,871
454,467,2/5/2014,534,85,3,-86,869
455,468,2/6/2014,535,86,3,-88,868
456,470,2/7/2014,536,86,3,-83,867
457,469,2/8/2014,537,86,3,-83,865
458,472,2/9/2014,538,87,3,-85,865
459,476,2/10/2014,539,87,3,-85,864
460,481,2/11/2014,540,88,3,-84,862
461,482,2/12/2014,541,88,3,-84,861
462,477,2/13/2014,542,89,3,-85,859
463,486,2/15/2014,543,89,3,-84,858
464,487,2/16/2014,544,90,4,-86,857
465,490,2/17/2014,545,90,4,-85,856
466,489,2/18/2014,546,91,4,-85,855
467,488,2/19/2014,547,91,4,-85,853
468,491,2/20/2014,548,91,4,-86,852
469,492,2/21/2014,549,92,4,-87,851
470,494,2/22/2014,550,92,4,-85,850
471,495,2/23/2014,551,93,4,-85,848
472,493,2/24/2014,552,93,4,-86,847
473,496,2/25/2014,553,94,4,-84,845
474,497,2/26/2014,554,94,4,-84,843
475,499,2/27/2014,555,95,4,-85,843
476,501,2/28/2014,556,95,4,-85,842
477,498,3/1/2014,557,96,4,-85,840
478,500,3/2/2014,558,96,4,-85,839
479,502,3/3/2014,559,96,4,-85,838
480,503,3/4/2014,560,97,4,-86,836
481,504,3/5/2014,561,97,4,-85,835
482,506,3/6/2014,562,98,4,-85,834
483,505,3/7/2014,563,98,4,-87,833
484,509,3/8/2014,564,99,4,-86,831
485,508,3/9/2014,565,99,4,-85,830
486,507,3/10/2014,566,100,4,-86,829
487,510,3/11/2014,567,100,4,-86,827
488,511,3/12/2014,568,101,4,-86,825
489,512,3/13/2014,569,101,4,-85,825
490,513,3/14/2014,570,102,4,-84,823
491,515,3/15/2014,571,102,4,-84,821
492,514,3/16/2014,572,102,4,-85,820
493,516,3/17/2014,573,103,4,-84,819
494,517,3/18/2014,574,103,4,-85,817
495,518,3/19/2014,575,104,4,-82,816
496,520,3/20/2014,576,104,4,-84,815
497,519,3/21/2014,577,105,4,-84,813
498,521,3/22/2014,578,105,4,-83,812
499,522,3/24/2014,579,106,4,-82,811
500,523,3/25/2014,580,106,4,-83,810
501,524,3/26/2014,581,107,4,-84,808
502,525,3/27/2014,582,107,4,-84,807
503,526,3/28/2014,583,108,4,-82,806
504,528,3/29/2014,584,108,4,-82,804
505,527,3/30/2014,585,109,4,-83,802
506,529,3/31/2014,586,109,4,-82,802
507,530,4/1/2014,587,109,4,-85,801
508,532,4/2/2014,588,110,4,-84,799
509,531,4/3/2014,589,110,4,-85,798
510,535,4/4/2014,590,111,4,-82,797
511,533,4/5/2014,591,111,4,-82,795
512,534,4/6/2014,592,112,4,-83,795
513,536,4/7/2014,593,112,4,-83,795
514,537,4/8/2014,594,113,4,-83,793
515,538,4/9/2014,595,113,4,-83,792
516,539,4/10/2014,596,114,4,-82,791
517,540,4/11/2014,597,114,4,-84,790
518,542,4/12/2014,598,115,4,-84,787
519,543,4/13/2014,599,115,4,-84,788
520,541,4/14/2014,600,116,4,-81,787
521,544,4/15/2014,601,116,4,-82,785
522,545,4/16/2014,602,117,4,-82,784
523,548,4/17/2014,603,117,4,-83,783
524,546,4/18/2014,604,118,4,-84,782
525,547,4/19/2014,605,118,4,-83,781
526,549,4/20/2014,606,118,4,-84,780
527,550,4/21/2014,607,119,4,-83,779
528,551,4/22/2014,608,119,4,-85,777
529,552,4/23/2014,609,120,5,-84,777
530,554,4/24/2014,610,120,5,-85,776
531,555,4/25/2014,611,121,5,-84,775
532,553,4/26/2014,612,121,5,-85,774
533,556,4/27/2014,613,122,5,-84,773
534,557,4/28/2014,614,122,5,-82,772
535,558,4/29/2014,615,123,5,-83,771
536,559,5/1/2014,616,123,5,-82,769
537,561,5/2/2014,617,124,5,-84,769
538,562,5/3/2014,618,124,5,-83,769
539,560,5/4/2014,619,125,5,-82,766
540,563,5/5/2014,620,125,5,-83,765
541,564,5/6/2014,621,126,5,-82,765
542,565,5/7/2014,622,126,5,-84,763
543,566,5/8/2014,623,127,5,-83,763
544,568,5/9/2014,624,127,5,-82,762
545,569,5/10/2014,625,128,5,-81,761
546,567,5/11/2014,626,128,5,-82,760
547,570,5/12/2014,627,129,5,-82,759
548,571,5/13/2014,628,129,5,-81,759
549,572,5/14/2014,629,130,5,-84,759
550,573,5/15/2014,630,130,5,-82,757
551,576,5/16/2014,631,131,5,-81,756
552,575,5/17/2014,632,131,5,-79,755
553,574,5/18/2014,633,132,5,-81,754
554,577,5/19/2014,634,132,5,-82,753
555,578,5/20/2014,635,133,5,-82,754
556,582,5/21/2014,636,133,5,-81,752
557,580,5/22/2014,637,134,5,-80,752
558,579,5/23/2014,638,134,5,-80,751
559,581,5/24/2014,639,135,5,-80,750
560,583,5/25/2014,640,135,5,-81,750
561,584,5/26/2014,641,136,5,-81,749
562,585,5/27/2014,642,136,5,-80,749
563,586,5/28/2014,643,137,5,-80,748
564,588,5/29/2014,644,137,5,-80,748
565,589,5/30/2014,645,138,5,-81,746
566,587,5/31/2014,646,138,5,-81,746
567,590,6/1/2014,647,139,5,-79,746
568,591,6/2/2014,648,139,5,-80,746
569,592,6/3/2014,649,140,5,-79,745
570,593,6/4/2014,650,140,5,-80,743
571,595,6/5/2014,651,141,5,-80,743
572,594,6/7/2014,652,141,5,-79,745
573,596,6/8/2014,653,142,5,-80,744
574,597,6/9/2014,654,142,5,-79,742
575,598,6/10/2014,655,143,5,-77,741
576,599,6/11/2014,656,143,5,-80,740
577,600,6/12/2014,657,144,5,-79,739
578,602,6/13/2014,658,144,5,-79,739
579,603,6/14/2014,659,145,5,-77,738
580,601,6/15/2014,660,145,5,-78,735
581,604,6/16/2014,661,146,5,-76,735
582,605,6/17/2014,662,146,5,-77,735
583,609,6/18/2014,663,147,5,-77,734
584,607,6/19/2014,664,147,5,-78,732
585,610,6/20/2014,665,148,5,-78,735
586,608,6/21/2014,666,148,5,-77,736
587,606,6/22/2014,667,149,5,-76,736
588,611,6/23/2014,668,150,6,-75,734
589,613,6/24/2014,669,150,6,-84,735
590,612,6/25/2014,670,151,6,-79,737
591,614,6/26/2014,671,151,6,-79,740
592,615,6/27/2014,672,152,6,-78,739
593,616,6/28/2014,673,152,6,-78,738
594,617,6/29/2014,674,153,6,-80,739
595,618,6/30/2014,675,153,6,-80,740
596,619,7/1/2014,676,154,6,-80,738
597,622,7/2/2014,677,154,6,-78,737
598,621,7/3/2014,678,155,6,-77,739
599,624,7/4/2014,679,155,6,-77,738
600,620,7/5/2014,680,156,6,-76,740
601,623,7/6/2014,681,156,6,-79,738
602,625,7/7/2014,682,157,6,-77,739
603,626,7/8/2014,683,158,6,-79,741
604,627,7/9/2014,684,158,6,-75,741
605,628,7/10/2014,685,159,6,-77,740
606,629,7/11/2014,686,159,6,-76,738
607,630,7/12/2014,687,160,6,-77,739
608,631,7/14/2014,688,160,6,-77,741
609,632,7/15/2014,689,161,6,-76,742
610,633,7/16/2014,690,161,6,-77,741
611,634,7/17/2014,691,162,6,-76,741
612,637,7/18/2014,692,162,6,-76,742
613,636,7/19/2014,693,163,6,-76,741
614,635,7/20/2014,694,164,6,-75,740
615,638,7/21/2014,695,164,6,-76,741
616,639,7/22/2014,696,165,6,-75,743
617,640,7/23/2014,697,165,6,-74,743
618,641,7/24/2014,698,166,6,-77,743
619,642,7/25/2014,699,166,6,-76,744
620,643,7/26/2014,700,167,6,-75,745
621,644,7/27/2014,701,167,6,-77,745
622,645,7/28/2014,702,168,6,-76,745
623,646,7/29/2014,703,169,6,-75,747
624,647,7/30/2014,704,169,6,-75,747
625,648,7/31/2014,705,170,6,-76,746
626,650,8/1/2014,706,170,6,-76,748
627,651,8/2/2014,707,171,6,-76,749
628,649,8/3/2014,708,171,6,-76,749
629,652,8/4/2014,709,172,6,-73,750
630,653,8/5/2014,710,172,6,-77,751
631,654,8/6/2014,711,173,6,-75,751
632,658,8/7/2014,712,174,6,-77,752
633,656,8/8/2014,713,174,6,-76,754
634,655,8/9/2014,714,175,6,-76,754
635,657,8/10/2014,715,175,6,-73,755
636,659,8/11/2014,716,176,6,-75,755
637,661,8/12/2014,717,176,6,-76,756
638,660,8/13/2014,718,177,6,-77,757
639,662,8/14/2014,719,178,6,-77,758
640,663,8/15/2014,720,178,6,-74,760
641,664,8/16/2014,721,179,6,-73,761
642,665,8/17/2014,722,179,6,-74,760
643,666,8/18/2014,723,180,7,-73,761
644,667,8/19/2014,724,181,7,-74,763
645,669,8/21/2014,725,181,7,-73,764
646,668,8/22/2014,726,182,7,-75,766
647,671,8/23/2014,727,182,7,-76,766
648,670,8/24/2014,728,183,7,-74,766
649,672,8/25/2014,729,183,7,-75,768
650,676,8/26/2014,730,184,7,-76,770
651,673,8/27/2014,731,185,7,-75,771
652,677,8/28/2014,732,185,7,-75,773
653,674,8/29/2014,733,186,7,-74,773
654,675,8/30/2014,734,186,7,-73,776
655,678,8/31/2014,735,187,7,-73,776
656,679,9/1/2014,736,188,7,-76,776
657,680,9/2/2014,737,188,7,-74,777
658,681,9/3/2014,738,189,7,-75,778
659,682,9/4/2014,739,189,7,-77,779
660,685,9/5/2014,740,190,7,-76,782
661,683,9/6/2014,741,191,7,-70,784
662,684,9/7/2014,742,191,7,-72,784
663,686,9/8/2014,743,192,7,-72,786
664,687,9/9/2014,744,192,7,-75,786
665,689,9/10/2014,745,193,7,-74,787
666,688,9/11/2014,746,194,7,-76,788
667,691,9/12/2014,747,194,7,-73,789
668,690,9/13/2014,748,195,7,-71,791
669,692,9/14/2014,749,195,7,-73,794
670,693,9/15/2014,750,196,7,-72,796
671,695,9/16/2014,751,197,7,-72,797
672,694,9/17/2014,752,197,7,-71,798
673,698,9/18/2014,753,198,7,-73,800
674,696,9/19/2014,754,198,7,-73,802
675,697,9/20/2014,755,199,7,-74,806
676,699,9/21/2014,756,200,7,-73,806
677,700,9/22/2014,757,200,7,-73,807
678,701,9/23/2014,758,201,7,-71,810
679,702,9/24/2014,759,201,7,-77,809
680,704,9/25/2014,760,202,7,-70,810
681,705,9/27/2014,761,203,7,-72,814
682,703,9/28/2014,762,203,7,-75,814
683,706,9/29/2014,763,204,7,-78,817
684,707,9/30/2014,764,205,7,-73,821
685,708,10/1/2014,765,205,7,-73,820
686,709,10/2/2014,766,206,7,-70,824
687,710,10/3/2014,767,206,7,-71,824
688,712,10/4/2014,768,207,7,-73,826
689,711,10/5/2014,769,208,7,-73,829
690,713,10/6/2014,770,208,7,-70,829
691,714,10/7/2014,771,209,7,-71,836
692,715,10/8/2014,772,210,8,-71,835
693,716,10/9/2014,773,210,8,-70,838
694,719,10/10/2014,774,211,8,-73,838
695,717,10/11/2014,775,211,8,-71,838
696,718,10/12/2014,776,212,8,-72,841
697,720,10/13/2014,777,213,8,-72,841
698,721,10/14/2014,778,213,8,-70,846
699,722,10/15/2014,779,214,8,-71,845
700,723,10/16/2014,780,215,8,-72,852
701,725,10/17/2014,781,215,8,-74,849
702,724,10/18/2014,782,216,8,-71,854
703,727,10/19/2014,783,216,8,-69,853
704,726,10/20/2014,784,217,8,-69,857
705,728,10/21/2014,785,218,8,-74,858
706,729,10/22/2014,786,218,8,-74,861
707,732,10/23/2014,787,219,8,-73,860
708,731,10/24/2014,788,220,8,-68,862
709,730,10/25/2014,789,220,8,-68,862
710,733,10/26/2014,790,221,8,-68,864
711,734,10/27/2014,791,222,8,-70,867
712,735,10/28/2014,792,222,8,-71,873
713,736,10/29/2014,793,223,8,-71,877
714,739,10/30/2014,794,223,8,-68,874
715,738,10/31/2014,795,224,8,-68,875
716,737,11/1/2014,796,225,8,-65,877
717,740,11/3/2014,797,225,8,-65,879
718,741,11/4/2014,798,226,8,-67,883
719,743,11/5/2014,799,227,8,-70,884
720,742,11/6/2014,800,227,8,-67,884
721,746,11/7/2014,801,228,8,-70,884
722,745,11/8/2014,802,229,8,-69,887
723,744,11/9/2014,803,229,8,-69,888
724,747,11/10/2014,804,230,8,-73,891
725,748,11/11/2014,805,231,8,-70,893
726,750,11/12/2014,806,231,8,-69,893
727,749,11/13/2014,807,232,8,-71,892
728,752,11/14/2014,808,232,8,-67,893
729,753,11/15/2014,809,233,8,-70,895
730,751,11/16/2014,810,234,8,-69,897
731,754,11/17/2014,811,234,8,-71,900
732,755,11/18/2014,812,235,8,-75,902
733,756,11/19/2014,813,236,8,-67,904
734,757,11/20/2014,814,236,8,-68,902
735,759,11/21/2014,815,237,8,-69,905
736,758,11/22/2014,816,238,8,-74,909
737,761,11/23/2014,817,238,8,-69,913
738,760,11/24/2014,818,239,8,-68,914
739,763,11/25/2014,819,240,9,-71,913
740,765,11/26/2014,820,240,9,-68,910
741,762,11/27/2014,821,241,9,-68,910
742,764,11/28/2014,822,242,9,-71,911
743,766,11/29/2014,823,242,9,-69,912
744,768,11/30/2014,824,243,9,-67,914
745,767,12/1/2014,825,243,9,-67,914
746,770,12/2/2014,826,244,9,-68,914
747,769,12/3/2014,827,245,9,-68,911
748,771,12/4/2014,828,245,9,-71,914
749,773,12/5/2014,829,246,9,-71,914
750,772,12/6/2014,830,247,9,-68,918
751,774,12/7/2014,831,247,9,-68,920
752,775,12/8/2014,832,248,9,-68,924
753,776,12/9/2014,833,249,9,-69,923
754,777,12/11/2014,834,249,9,-68,918
755,780,12/12/2014,835,250,9,-69,917
756,778,12/13/2014,836,251,9,-69,916
757,779,12/14/2014,837,251,9,-69,916
758,782,12/15/2014,838,252,9,-69,917
759,781,12/16/2014,839,253,9,-70,917
760,783,12/17/2014,840,253,9,-74,913
761,784,12/18/2014,841,254,9,-75,914
762,790,12/19/2014,842,255,9,-69,914
763,793,12/20/2014,843,255,9,-69,916
764,788,12/21/2014,844,256,9,-68,917
765,786,12/22/2014,845,257,9,-73,920
766,785,12/23/2014,846,257,9,-74,925
767,791,12/24/2014,847,258,9,-69,918
768,792,12/25/2014,848,258,9,-69,918
769,787,12/26/2014,849,259,9,-69,918
770,789,12/27/2014,850,260,9,-68,918
771,794,12/28/2014,851,260,9,-68,919
772,797,12/29/2014,852,261,9,-73,916
773,796,12/30/2014,853,262,9,-67,913
774,798,12/31/2014,854,262,9,-66,910
775,799,1/1/2015,855,263,9,-69,912
776,795,1/2/2015,856,264,9,-68,912
777,801,1/3/2015,857,264,9,-76,911
778,800,1/4/2015,858,265,9,-73,913
779,802,1/5/2015,859,266,9,-72,915
780,803,1/6/2015,860,266,9,-69,916
781,804,1/7/2015,861,267,9,-70,917
782,807,1/8/2015,862,268,9,-70,917
783,805,1/9/2015,863,268,9,-72,916
784,806,1/10/2015,864,269,9,-70,914
785,808,1/11/2015,865,270,10,-70,913
786,809,1/12/2015,866,270,10,-71,911
787,810,1/13/2015,867,271,10,-71,910
788,811,1/14/2015,868,271,10,-71,908
789,812,1/15/2015,869,272,10,-72,906
790,813,1/17/2015,870,273,10,-74,909
791,814,1/18/2015,871,273,10,-70,903
792,815,1/19/2015,872,274,10,-72,902
793,817,1/28/2015,881,280,10,-73,899
794,818,1/29/2015,882,280,10,-76,901
795,820,1/30/2015,883,281,10,-74,897
796,821,1/31/2015,884,282,10,-71,897
797,819,2/1/2015,885,282,10,-71,895
798,823,2/2/2015,886,283,10,-73,894
799,822,2/3/2015,887,284,10,-73,897
800,824,2/4/2015,888,284,10,-70,896
801,825,2/5/2015,889,285,10,-70,895
802,826,2/6/2015,890,286,10,-72,892
803,827,2/7/2015,891,286,10,-72,892
804,828,2/8/2015,892,287,10,-71,892
805,829,2/9/2015,893,287,10,-72,890
806,830,2/10/2015,894,288,10,-75,891
807,831,2/11/2015,895,289,10,-72,889
808,833,2/12/2015,896,289,10,-70,888
809,832,2/13/2015,897,290,10,-72,884
810,834,2/14/2015,898,291,10,-72,883
811,835,2/15/2015,899,291,10,-75,881
812,836,2/16/2015,900,292,10,-70,883
813,837,2/17/2015,901,292,10,-71,885
814,838,2/18/2015,902,293,10,-68,883
815,839,2/19/2015,903,294,10,-71,882
816,841,2/20/2015,904,294,10,-71,878
817,840,2/21/2015,905,295,10,-71,880
818,843,2/22/2015,906,296,10,-76,878
819,842,2/24/2015,907,296,10,-75,879
820,844,2/25/2015,908,297,10,-71,883
821,845,2/26/2015,909,297,10,-70,878
822,847,2/27/2015,910,298,10,-73,878
823,846,2/28/2015,911,299,10,-70,874
824,849,3/1/2015,912,299,10,-75,875
825,848,3/2/2015,913,300,11,-71,871
826,850,3/3/2015,914,300,11,-71,874
827,851,3/4/2015,915,301,11,-71,878
828,852,3/5/2015,916,302,11,-71,872
829,854,3/6/2015,917,302,11,-76,871
830,853,3/7/2015,918,303,11,-71,867
831,855,3/8/2015,919,304,11,-74,870
832,856,3/9/2015,920,304,11,-72,868
833,857,3/10/2015,921,305,11,-70,867
834,858,3/11/2015,922,305,11,-73,870
835,859,3/12/2015,923,306,11,-72,867
836,861,3/13/2015,924,307,11,-74,867
837,860,3/14/2015,925,307,11,-71,862
838,862,3/15/2015,926,308,11,-76,864
839,863,3/16/2015,927,308,11,-76,862
840,864,3/17/2015,928,309,11,-72,862
841,865,3/18/2015,929,310,11,-75,866
842,868,3/19/2015,930,310,11,-75,865
843,867,3/20/2015,931,311,11,-69,864
844,866,3/21/2015,932,311,11,-71,859
845,869,3/22/2015,933,312,11,-71,863
846,870,3/23/2015,934,313,11,-73,858
847,872,3/24/2015,935,313,11,-75,862
848,871,3/25/2015,936,314,11,-72,865
849,874,3/26/2015,937,314,11,-73,863
850,876,3/29/2015,940,316,11,-73,861
851,875,3/30/2015,941,317,11,-74,857
852,880,3/31/2015,942,317,11,-74,857
853,877,4/2/2015,943,318,11,-73,854
854,878,4/3/2015,944,318,11,-70,852
855,881,4/4/2015,945,319,11,-72,851
856,879,4/5/2015,946,320,11,-77,850
857,882,4/6/2015,947,320,11,-70,853
858,883,4/7/2015,948,321,11,-73,854
859,884,4/8/2015,949,321,11,-72,851
860,885,4/9/2015,950,322,11,-73,850
861,888,4/10/2015,951,323,11,-75,849
862,886,4/11/2015,952,323,11,-69,847
863,887,4/12/2015,953,324,11,-71,847
864,889,4/13/2015,954,324,11,-73,847
865,892,4/17/2015,958,327,11,-74,848
866,891,4/18/2015,959,327,11,-78,846
867,893,4/19/2015,960,328,11,-76,846
868,895,4/20/2015,961,328,11,-71,849
869,894,4/21/2015,962,329,11,-73,845
870,896,4/22/2015,963,329,11,-71,850
871,897,4/23/2015,964,330,12,-72,847
872,898,4/24/2015,965,331,12,-75,847
873,900,4/25/2015,966,331,12,-73,850
874,899,4/26/2015,967,332,12,-74,844
875,901,4/27/2015,968,332,12,-71,848
876,902,4/28/2015,969,333,12,-72,844
877,903,4/29/2015,970,333,12,-71,849
878,906,4/30/2015,971,334,12,-71,848
879,904,5/1/2015,972,334,12,-73,847
880,905,5/2/2015,973,335,12,-72,844
881,907,5/3/2015,974,336,12,-73,842
882,908,5/4/2015,975,336,12,-73,843
883,909,5/5/2015,976,337,12,-75,842
884,910,5/6/2015,977,337,12,-75,841
885,913,5/7/2015,978,338,12,-73,842
886,912,5/9/2015,979,338,12,-79,841
887,911,5/10/2015,980,339,12,-73,840
888,914,5/11/2015,981,339,12,-73,841
889,917,5/12/2015,982,340,12,-74,840
890,916,5/13/2015,983,340,12,-76,840
891,915,5/14/2015,984,341,12,-74,840
892,918,5/15/2015,985,342,12,-78,840
893,919,5/16/2015,986,342,12,-74,840
894,920,5/17/2015,987,343,12,-74,839
895,922,5/18/2015,988,343,12,-75,840
896,921,5/19/2015,989,344,12,-74,841
897,923,5/20/2015,990,344,12,-76,839
898,926,5/21/2015,991,345,12,-73,840
899,924,5/22/2015,992,345,12,-73,842
900,927,5/23/2015,993,346,12,-73,840
901,925,5/24/2015,994,346,12,-79,842
902,929,5/25/2015,995,347,12,-74,842
903,928,5/26/2015,996,348,12,-72,842
904,930,5/27/2015,997,348,12,-74,843
905,931,5/28/2015,998,349,12,-73,842
906,932,5/30/2015,1000,350,12,-74,841
907,933,5/31/2015,1001,350,12,-79,843
908,936,6/1/2015,1002,351,12,-77,844
909,934,6/2/2015,1003,351,12,-74,843
910,935,6/3/2015,1004,352,12,-74,842
911,939,6/4/2015,1005,352,12,-75,843
912,941,6/5/2015,1006,353,12,-78,844
913,937,6/6/2015,1007,353,12,-79,845
914,940,6/7/2015,1008,354,12,-79,844
915,946,6/8/2015,1009,354,12,-75,845
916,947,6/9/2015,1010,355,12,-74,846
917,948,6/10/2015,1011,355,12,-78,845
918,949,6/11/2015,1012,356,12,-81,846
919,953,6/12/2015,1013,356,12,-80,846
920,950,6/13/2015,1014,357,12,-77,846
921,951,6/14/2015,1015,357,12,-75,847
922,952,6/16/2015,1016,358,12,-76,847
923,955,6/17/2015,1017,359,12,-78,850
924,956,6/18/2015,1018,359,12,-79,850
925,954,6/19/2015,1019,0,1,-81,849
926,938,6/20/2015,1020,0,1,-63,832
927,942,6/21/2015,1021,1,1,-76,850
928,944,6/22/2015,1022,1,1,-75,852
929,943,6/23/2015,1023,2,1,-76,851
930,945,6/24/2015,1024,2,1,-76,851
931,958,6/25/2015,1025,3,1,-74,851
932,957,6/26/2015,1026,3,1,-78,851
933,960,6/28/2015,1028,4,1,-75,853
934,959,6/29/2015,1029,5,1,-75,856
935,961,6/30/2015,1030,5,1,-77,855
936,963,7/1/2015,1031,6,1,-76,854
937,962,7/2/2015,1032,6,1,-74,854
938,965,7/3/2015,1033,7,1,-77,856
939,964,7/4/2015,1034,7,1,-76,859
940,966,7/5/2015,1035,8,1,-77,857
941,967,7/6/2015,1036,8,1,-76,856
942,968,7/7/2015,1037,9,1,-80,856
943,969,7/8/2015,1038,9,1,-76,858
944,970,7/9/2015,1039,10,1,-77,857
945,972,7/10/2015,1040,10,1,-77,858
946,971,7/11/2015,1041,11,1,-77,859
947,973,7/12/2015,1042,11,1,-76,859
948,974,7/13/2015,1043,12,1,-77,860
949,975,7/14/2015,1044,12,1,-79,860
950,978,7/15/2015,1045,13,1,-80,861
951,979,7/16/2015,1046,13,1,-77,862
952,977,7/17/2015,1047,14,1,-77,863
953,976,7/18/2015,1048,14,1,-78,864
954,980,7/19/2015,1049,15,1,-75,864
955,981,7/20/2015,1050,15,1,-76,863
956,983,7/21/2015,1051,16,1,-76,864
957,982,7/23/2015,1052,16,1,-78,865
958,984,7/24/2015,1053,17,1,-79,865
959,985,7/25/2015,1054,17,1,-77,867
960,987,7/26/2015,1055,17,1,-77,868
961,986,7/27/2015,1056,18,1,-76,868
962,988,7/28/2015,1057,18,1,-78,867
963,989,7/29/2015,1058,19,1,-78,868
964,990,7/30/2015,1059,19,1,-78,870
965,992,7/31/2015,1060,20,1,-78,870
966,993,8/1/2015,1061,20,1,-77,871
967,991,8/2/2015,1062,21,1,-77,871
968,994,8/3/2015,1063,21,1,-79,871
969,996,8/4/2015,1064,22,1,-77,871
970,995,8/5/2015,1065,22,1,-78,873
971,997,8/6/2015,1066,23,1,-78,875
972,998,8/7/2015,1067,23,1,-79,875
973,1000,8/8/2015,1068,24,1,-76,874
974,999,8/9/2015,1069,24,1,-77,876
975,1001,8/10/2015,1070,25,1,-80,877
976,1002,8/11/2015,1071,25,1,-78,878
977,1003,8/12/2015,1072,26,1,-78,879
978,1004,8/13/2015,1073,26,1,-82,879
979,1005,8/14/2015,1074,27,1,-77,878
980,1006,8/15/2015,1075,27,1,-77,879
981,1007,8/16/2015,1076,28,1,-81,880
982,1008,8/17/2015,1077,28,1,-79,880
983,1009,8/18/2015,1078,29,1,-80,881
984,1010,8/19/2015,1079,29,1,-80,882
985,1013,8/20/2015,1080,29,1,-77,882
986,1011,8/21/2015,1081,30,2,-77,882
987,1012,8/22/2015,1082,30,2,-79,882
988,1014,8/23/2015,1083,31,2,-80,883
989,1015,8/24/2015,1084,31,2,-78,885
990,1017,8/25/2015,1085,32,2,-79,886
991,1016,8/26/2015,1086,32,2,-77,885
992,1019,8/27/2015,1087,33,2,-78,885
993,1020,8/29/2015,1088,33,2,-77,885
994,1018,8/30/2015,1089,34,2,-76,885
995,1021,8/31/2015,1090,34,2,-78,886
996,1022,9/1/2015,1091,35,2,-77,886
997,1023,9/2/2015,1092,35,2,-79,886
998,1024,9/3/2015,1093,36,2,-77,887
999,1026,9/4/2015,1094,36,2,-80,888
1000,1027,9/5/2015,1095,36,2,-79,888
1001,1025,9/6/2015,1096,37,2,-79,888
1002,1028,9/7/2015,1097,37,2,-78,889
1003,1029,9/8/2015,1098,38,2,-77,890
1004,1030,9/9/2015,1099,38,2,-78,891
1005,1031,9/10/2015,1100,39,2,-79,890
1006,1034,9/11/2015,1101,39,2,-80,891
1007,1032,9/12/2015,1102,40,2,-84,892
1008,1033,9/13/2015,1103,40,2,-81,893
1009,1035,9/14/2015,1104,41,2,-79,893
1010,1036,9/15/2015,1105,41,2,-78,892
1011,1037,9/16/2015,1106,42,2,-82,893
1012,1040,9/17/2015,1107,42,2,-79,893
1013,1038,9/18/2015,1108,42,2,-78,895
1014,1039,9/19/2015,1109,43,2,-82,895
1015,1041,9/20/2015,1110,43,2,-81,895
1016,1042,9/21/2015,1111,44,2,-79,896
1017,1043,9/22/2015,1112,44,2,-80,895
1018,1044,9/23/2015,1113,45,2,-79,895
1019,1045,9/24/2015,1114,45,2,-79,896
1020,1047,9/25/2015,1115,46,2,-80,897
1021,1046,9/26/2015,1116,46,2,-79,898
1022,1048,9/27/2015,1117,47,2,-79,898
1023,1049,9/28/2015,1118,47,2,-80,898
1024,1050,9/29/2015,1119,48,2,-81,899
1025,1051,9/30/2015,1120,48,2,-80,900
1026,1052,10/1/2015,1121,48,2,-81,901
1027,1053,10/2/2015,1122,49,2,-79,901
1028,1054,10/3/2015,1123,49,2,-79,900
1029,1055,10/4/2015,1124,50,2,-80,900
1030,1056,10/6/2015,1125,50,2,-79,900
1031,1057,10/7/2015,1126,51,2,-79,901
1032,1058,10/8/2015,1127,51,2,-80,901
1033,1059,10/9/2015,1128,52,2,-79,902
1034,1060,10/10/2015,1129,52,2,-80,902
1035,1061,10/11/2015,1130,53,2,-81,902
1036,1062,10/12/2015,1131,53,2,-81,902
1037,1063,10/13/2015,1132,53,2,-82,902
1038,1064,10/14/2015,1133,54,2,-82,902
1039,1065,10/15/2015,1134,54,2,-80,902
1040,1069,10/16/2015,1135,55,2,-81,901
1041,1066,10/17/2015,1136,55,2,-82,901
1042,1068,10/18/2015,1137,56,2,-81,901
1043,1067,10/19/2015,1138,56,2,-82,901
1044,1070,10/20/2015,1139,57,2,-80,901
1045,1071,10/21/2015,1140,57,2,-81,901
1046,1072,10/22/2015,1141,57,2,-82,902
1047,1073,10/23/2015,1142,58,2,-82,902
1048,1074,10/24/2015,1143,58,2,-82,901
1049,1075,10/25/2015,1144,59,2,-82,902
1050,1076,10/26/2015,1145,59,2,-82,903
1051,1077,10/27/2015,1146,60,3,-82,902
1052,1078,10/28/2015,1147,60,3,-80,901
1053,1080,10/29/2015,1148,61,3,-80,901
1054,1079,10/30/2015,1149,61,3,-81,902
1055,1081,10/31/2015,1150,62,3,-82,902
1056,1082,11/1/2015,1151,62,3,-82,901
1057,1086,11/2/2015,1152,62,3,-80,901
1058,1083,11/3/2015,1153,63,3,-82,900
1059,1088,11/4/2015,1154,63,3,-84,900
1060,1084,11/5/2015,1155,64,3,-84,900
1061,1085,11/6/2015,1156,64,3,-84,900
1062,1087,11/7/2015,1157,65,3,-82,900
1063,1089,11/8/2015,1158,65,3,-82,898
1064,1090,11/9/2015,1159,66,3,-82,898
1065,1091,11/10/2015,1160,66,3,-80,899
1066,1092,11/12/2015,1161,66,3,-83,898
1067,1093,11/13/2015,1162,67,3,-84,897
1068,1094,11/14/2015,1163,67,3,-86,896
1069,1095,11/15/2015,1164,68,3,-86,896
1070,1096,11/16/2015,1165,68,3,-84,897
1071,1097,11/17/2015,1166,69,3,-84,895
1072,1098,11/18/2015,1167,69,3,-84,894
1073,1102,11/19/2015,1168,70,3,-84,894
1074,1100,11/20/2015,1169,70,3,-89,894
1075,1101,11/21/2015,1170,71,3,-85,893
1076,1099,11/22/2015,1171,71,3,-87,892
1077,1104,11/23/2015,1172,71,3,-87,892
1078,1103,11/24/2015,1173,72,3,-87,892
1079,1105,11/25/2015,1174,72,3,-85,891
1080,1106,11/26/2015,1175,73,3,-85,890
1081,1107,11/27/2015,1176,73,3,-84,890
1082,1108,11/28/2015,1177,74,3,-84,888
1083,1109,11/29/2015,1178,74,3,-86,888
1084,1110,11/30/2015,1179,75,3,-85,887
1085,1111,12/1/2015,1180,75,3,-86,886
1086,1112,12/2/2015,1181,75,3,-86,885
1087,1114,12/3/2015,1182,76,3,-85,884
1088,1113,12/4/2015,1183,76,3,-86,883
1089,1115,12/5/2015,1184,77,3,-85,882
1090,1116,12/6/2015,1185,77,3,-84,881
1091,1117,12/7/2015,1186,78,3,-86,881
1092,1118,12/8/2015,1187,78,3,-84,881
1093,1119,12/9/2015,1188,79,3,-90,881
1094,1120,12/10/2015,1189,79,3,-87,879
1095,1121,12/11/2015,1190,79,3,-87,877
1096,1122,12/12/2015,1191,80,3,-87,876
1097,1123,12/13/2015,1192,80,3,-86,876
1098,1124,12/14/2015,1193,81,3,-84,875
1099,1125,12/15/2015,1194,81,3,-84,873
1100,1126,12/16/2015,1195,82,3,-86,872
1101,1129,12/17/2015,1196,82,3,-86,871
1102,1127,12/18/2015,1197,83,3,-85,869
1103,1128,12/20/2015,1198,83,3,-86,868
1104,1130,12/21/2015,1199,84,3,-86,868
1105,1131,12/22/2015,1200,84,3,-84,866
1106,1132,12/23/2015,1201,84,3,-85,866
1107,1133,12/24/2015,1202,85,3,-85,864
1108,1136,12/25/2015,1203,85,3,-85,863
1109,1135,12/26/2015,1204,86,3,-84,862
1110,1134,12/27/2015,1205,86,3,-86,861
1111,1137,12/28/2015,1206,87,3,-85,859
1112,1138,12/29/2015,1207,87,3,-85,858
1113,1139,12/30/2015,1208,88,3,-85,857
1114,1141,12/31/2015,1209,88,3,-85,855
1115,1140,1/1/2016,1210,88,3,-85,854
1116,1142,1/2/2016,1211,89,3,-83,853
1117,1143,1/3/2016,1212,89,3,-86,851
1118,1145,1/4/2016,1213,90,4,-84,851
1119,1144,1/5/2016,1214,90,4,-85,849
1120,1146,1/6/2016,1215,91,4,-85,848
1121,1147,1/7/2016,1216,91,4,-86,847
1122,1148,1/8/2016,1217,92,4,-88,846
1123,1149,1/9/2016,1218,92,4,-86,845
1124,1150,1/10/2016,1219,93,4,-87,844
1125,1151,1/11/2016,1220,93,4,-87,842
1126,1152,1/12/2016,1221,93,4,-87,841
1127,1153,1/13/2016,1222,94,4,-87,840
1128,1155,1/14/2016,1223,94,4,-88,839
1129,1154,1/15/2016,1224,95,4,-88,837
1130,1156,1/16/2016,1225,95,4,-87,836
1131,1157,1/17/2016,1226,96,4,-87,835
1132,1158,1/18/2016,1227,96,4,-88,833
1133,1159,1/19/2016,1228,97,4,-88,832
1134,1160,1/20/2016,1229,97,4,-88,831
1135,1161,1/21/2016,1230,98,4,-88,830
1136,1162,1/22/2016,1231,98,4,-88,828
1137,1163,1/23/2016,1232,99,4,-88,827
1138,1164,1/24/2016,1233,99,4,-88,826
1139,1166,1/26/2016,1234,99,4,-88,824
1140,1165,1/27/2016,1235,100,4,-88,824
1141,1170,1/28/2016,1236,100,4,-87,822
1142,1169,1/29/2016,1237,101,4,-88,820
1143,1167,1/30/2016,1238,101,4,-87,819
1144,1168,1/31/2016,1239,102,4,-89,818
1145,1171,2/1/2016,1240,102,4,-87,816
1146,1172,2/2/2016,1241,103,4,-87,816
1147,1173,2/3/2016,1242,103,4,-87,815
1148,1174,2/4/2016,1243,104,4,-86,814
1149,1175,2/5/2016,1244,104,4,-85,812
1150,1176,2/6/2016,1245,105,4,-86,811
1151,1178,2/7/2016,1246,105,4,-85,810
1152,1177,2/8/2016,1247,105,4,-85,809
1153,1179,2/9/2016,1248,106,4,-86,807
1154,1180,2/10/2016,1249,106,4,-85,806
1155,1182,2/11/2016,1250,107,4,-85,804
1156,1185,2/12/2016,1251,107,4,-85,803
1157,1184,2/13/2016,1252,108,4,-85,802
1158,1181,2/14/2016,1253,108,4,-85,800
1159,1183,2/15/2016,1254,109,4,-84,799
1160,1187,2/16/2016,1255,109,4,-84,798
1161,1186,2/17/2016,1256,110,4,-84,797
1162,1188,2/18/2016,1257,110,4,-84,794
1163,1189,2/19/2016,1258,111,4,-83,794
1164,1190,2/20/2016,1259,111,4,-84,794
1165,1191,2/21/2016,1260,112,4,-83,792
1166,1192,2/22/2016,1261,112,4,-81,790
1167,1193,2/23/2016,1262,112,4,-81,790
1168,1194,2/24/2016,1263,113,4,-84,788
1169,1195,2/25/2016,1264,113,4,-84,787
1170,1197,2/26/2016,1265,114,4,-81,787
1171,1196,2/27/2016,1266,114,4,-82,787
1172,1198,2/28/2016,1267,115,4,-83,786
1173,1199,2/29/2016,1268,115,4,-83,784
1174,1201,3/1/2016,1269,116,4,-83,782
1175,1200,3/3/2016,1270,116,4,-82,782
1176,1202,3/4/2016,1271,117,4,-84,781
1177,1203,3/5/2016,1272,117,4,-81,780
1178,1204,3/6/2016,1273,118,4,-79,778
1179,1205,3/7/2016,1274,118,4,-82,777
1180,1206,3/8/2016,1275,119,4,-82,775
1181,1207,3/9/2016,1276,119,4,-83,774
1182,1208,3/10/2016,1277,120,5,-84,774
1183,1210,3/11/2016,1278,120,5,-83,773
1184,1209,3/12/2016,1279,121,5,-83,772
1185,1211,3/13/2016,1280,121,5,-84,771
1186,1212,3/14/2016,1281,122,5,-83,769
1187,1213,3/15/2016,1282,122,5,-81,768
1188,1214,3/16/2016,1283,123,5,-82,767
1189,1216,3/17/2016,1284,123,5,-80,767
1190,1217,3/18/2016,1285,123,5,-80,766
1191,1215,3/19/2016,1286,124,5,-80,765
1192,1218,3/20/2016,1287,124,5,-80,764
1193,1219,3/21/2016,1288,125,5,-80,763
1194,1220,3/24/2016,1291,126,5,-80,760
1195,1222,3/25/2016,1292,127,5,-81,760
1196,1221,3/26/2016,1293,127,5,-81,758
1197,1223,3/27/2016,1294,128,5,-79,758
1198,1224,3/28/2016,1295,128,5,-79,757
1199,1226,3/29/2016,1296,129,5,-79,756
1200,1225,3/30/2016,1297,129,5,-80,755
1201,1229,3/31/2016,1298,130,5,-79,755
1202,1228,4/1/2016,1299,130,5,-80,753
1203,1227,4/2/2016,1300,131,5,-79,752
1204,1230,4/3/2016,1301,131,5,-78,752
1205,1231,4/4/2016,1302,132,5,-80,751
1206,1232,4/5/2016,1303,132,5,-78,751
1207,1233,4/6/2016,1304,133,5,-80,750
1208,1235,4/7/2016,1305,133,5,-80,749
1209,1234,4/8/2016,1306,134,5,-79,748
1210,1236,4/10/2016,1307,134,5,-80,748
1211,1237,4/11/2016,1308,135,5,-81,748
1212,1238,4/12/2016,1309,135,5,-81,747
1213,1239,4/13/2016,1310,136,5,-76,745
1214,1240,4/14/2016,1311,136,5,-78,745
1215,1243,4/15/2016,1312,137,5,-77,745
1216,1241,4/16/2016,1313,137,5,-77,745
1217,1242,4/17/2016,1314,138,5,-78,744
1218,1244,4/18/2016,1315,138,5,-77,744
1219,1245,4/19/2016,1316,139,5,-80,744
1220,1246,4/20/2016,1317,139,5,-80,743
1221,1247,4/21/2016,1318,140,5,-80,743
1222,1248,4/22/2016,1319,140,5,-78,742
1223,1250,4/23/2016,1320,141,5,-77,741
1224,1249,4/24/2016,1321,141,5,-77,740
1225,1251,4/25/2016,1322,142,5,-78,740
1226,1252,4/26/2016,1323,142,5,-77,738
1227,1253,4/27/2016,1324,143,5,-78,738
1228,1256,4/28/2016,1325,144,5,-78,738
1229,1254,4/29/2016,1326,144,5,-77,738
1230,1255,4/30/2016,1327,145,5,-76,736
1231,1257,5/1/2016,1328,145,5,-77,735
1232,1258,5/2/2016,1329,146,5,-74,735
1233,1259,5/3/2016,1330,146,5,-78,734
1234,1260,5/4/2016,1331,147,5,-76,734
1235,1262,5/5/2016,1332,147,5,-78,734
1236,1263,5/6/2016,1333,148,5,-76,733
1237,1261,5/7/2016,1334,148,5,-77,732
1238,1264,5/8/2016,1335,149,5,-77,732
1239,1265,5/9/2016,1336,149,5,-75,732
1240,1266,5/10/2016,1337,150,6,-76,734
1241,1267,5/11/2016,1338,150,6,-75,734
1242,1268,5/12/2016,1339,151,6,-77,733
1243,1269,5/13/2016,1340,151,6,-76,734
1244,1270,5/14/2016,1341,152,6,-76,735
1245,1271,5/15/2016,1342,152,6,-80,735
1246,1272,5/17/2016,1343,153,6,-74,735
1247,1273,5/18/2016,1344,153,6,-75,734
1248,1276,5/19/2016,1345,154,6,-75,735
1249,1274,5/20/2016,1346,155,6,-75,737
1250,1277,5/21/2016,1347,155,6,-75,736
1251,1275,5/22/2016,1348,156,6,-76,735
1252,1278,5/23/2016,1349,156,6,-73,737
1253,1279,5/24/2016,1350,157,6,-73,738
1254,1280,5/25/2016,1351,157,6,-72,739
1255,1283,5/26/2016,1352,158,6,-73,736
1256,1281,5/27/2016,1353,158,6,-76,737
1257,1282,5/28/2016,1354,159,6,-75,739
1258,1284,5/29/2016,1355,159,6,-75,740
1259,1286,5/30/2016,1356,160,6,-74,739
1260,1285,5/31/2016,1357,160,6,-72,738
1261,1287,6/1/2016,1358,161,6,-74,738
1262,1288,6/2/2016,1359,162,6,-76,739
1263,1289,6/3/2016,1360,162,6,-76,739
1264,1290,6/4/2016,1361,163,6,-75,739
1265,1291,6/5/2016,1362,163,6,-74,739
1266,1292,6/6/2016,1363,164,6,-75,740
1267,1293,6/7/2016,1364,164,6,-74,740
1268,1294,6/8/2016,1365,165,6,-74,739
1269,1295,6/9/2016,1366,165,6,-75,740
1270,1296,6/10/2016,1367,166,6,-74,743
1271,1297,6/11/2016,1368,167,6,-74,743
1272,1299,6/12/2016,1369,167,6,-73,742
1273,1298,6/13/2016,1370,168,6,-74,744
1274,1301,6/14/2016,1371,168,6,-75,746
1275,1300,6/15/2016,1372,169,6,-74,745
1276,1303,6/16/2016,1373,169,6,-74,746
1277,1302,6/17/2016,1374,170,6,-75,748
1278,1304,6/18/2016,1375,170,6,-73,749
1279,1305,6/19/2016,1376,171,6,-75,749
1280,1306,6/20/2016,1377,172,6,-76,749
1281,1308,6/21/2016,1378,172,6,-76,751
1282,1307,6/23/2016,1379,173,6,-77,751
1283,1311,6/24/2016,1380,173,6,-74,751
1284,1309,6/25/2016,1381,174,6,-73,751
1285,1310,6/26/2016,1382,174,6,-76,752
1286,1312,6/27/2016,1383,175,6,-73,752
1287,1313,6/28/2016,1384,176,6,-74,753
1288,1314,6/29/2016,1385,176,6,-75,755
1289,1315,6/30/2016,1386,177,6,-74,755
1290,1316,7/1/2016,1387,177,6,-74,755
1291,1317,7/2/2016,1388,178,6,-73,756
1292,1318,7/12/2016,1398,184,7,-66,751
1293,1319,7/13/2016,1399,184,7,-73,770
1294,1322,7/14/2016,1400,185,7,-73,770
1295,1321,7/15/2016,1401,185,7,-73,770
1296,1320,7/16/2016,1402,186,7,-75,771
1297,1323,7/17/2016,1403,187,7,-75,771
1298,1324,7/18/2016,1404,187,7,-75,774
1299,1325,7/19/2016,1405,188,7,-75,775
1300,1328,7/20/2016,1406,188,7,-76,775
1301,1329,7/21/2016,1407,189,7,-74,779
1302,1327,7/22/2016,1408,190,7,-75,779
1303,1326,7/23/2016,1409,190,7,-74,781
1304,1330,7/24/2016,1410,191,7,-72,782
1305,1331,7/25/2016,1411,191,7,-72,782
1306,1333,7/26/2016,1412,192,7,-78,784
1307,1332,7/27/2016,1413,193,7,-72,784
1308,1336,7/28/2016,1414,193,7,-73,785
1309,1334,7/29/2016,1415,194,7,-72,787
1310,1335,7/31/2016,1416,194,7,-72,791
1311,1337,8/1/2016,1417,195,7,-70,791
1312,1338,8/2/2016,1418,196,7,-73,793
1313,1339,8/3/2016,1419,196,7,-73,793
1314,1340,8/4/2016,1420,197,7,-71,793
1315,1343,8/5/2016,1421,197,7,-72,797
1316,1342,8/6/2016,1422,198,7,-72,798
1317,1341,8/7/2016,1423,199,7,-71,800
1318,1344,8/8/2016,1424,199,7,-72,803
1319,1345,8/9/2016,1425,200,7,-72,804
1320,1346,8/10/2016,1426,200,7,-71,803
1321,1347,8/11/2016,1427,201,7,-72,807
1322,1348,8/12/2016,1428,202,7,-72,808
1323,1349,8/13/2016,1429,202,7,-70,810
1324,1351,8/14/2016,1430,203,7,-69,810
1325,1350,8/15/2016,1431,204,7,-69,811
1326,1352,8/16/2016,1432,204,7,-71,813
1327,1353,8/17/2016,1433,205,7,-70,818
1328,1356,8/18/2016,1434,205,7,-70,818
1329,1355,8/19/2016,1435,206,7,-71,823
1330,1354,8/20/2016,1436,207,7,-72,825
1331,1357,8/21/2016,1437,207,7,-71,821
1332,1358,8/22/2016,1438,208,7,-68,823
1333,1360,8/23/2016,1439,208,7,-71,828
1334,1359,8/24/2016,1440,209,7,-70,828
1335,1361,8/25/2016,1441,210,8,-74,828
1336,1362,8/26/2016,1442,210,8,-68,829
1337,1363,8/27/2016,1443,211,8,-69,831
1338,1364,8/28/2016,1444,212,8,-69,833
1339,1365,8/29/2016,1445,212,8,-69,836
1340,1366,8/30/2016,1446,213,8,-70,841
1341,1367,8/31/2016,1447,214,8,-74,841
1342,1369,9/1/2016,1448,214,8,-69,841
1343,1368,9/2/2016,1449,215,8,-71,841
1344,1370,9/3/2016,1450,215,8,-69,842
1345,1371,9/4/2016,1451,216,8,-71,842
1346,1373,9/6/2016,1452,217,8,-74,845
1347,1372,9/7/2016,1453,217,8,-73,850
1348,1374,9/8/2016,1454,218,8,-69,854
1349,1377,9/9/2016,1455,219,8,-70,858
1350,1376,9/10/2016,1456,219,8,-69,859
1351,1375,9/11/2016,1457,220,8,-69,860
1352,1378,9/12/2016,1458,220,8,-69,859
1353,1379,9/13/2016,1459,221,8,-71,861
1354,1380,9/14/2016,1460,222,8,-70,865
1355,1382,9/15/2016,1461,222,8,-69,870
1356,1381,9/16/2016,1462,223,8,-68,871
1357,1383,9/17/2016,1463,224,8,-68,871
1358,1384,9/18/2016,1464,224,8,-71,871
1359,1385,9/19/2016,1465,225,8,-68,870
1360,1386,9/20/2016,1466,226,8,-67,873
1361,1387,9/21/2016,1467,226,8,-69,877
1362,1388,9/22/2016,1468,227,8,-70,879
1363,1389,9/23/2016,1469,228,8,-72,881
1364,1391,9/24/2016,1470,228,8,-70,879
1365,1392,9/25/2016,1471,229,8,-71,880
1366,1390,9/26/2016,1472,229,8,-68,879
1367,1393,9/27/2016,1473,230,8,-67,881
1368,1394,9/28/2016,1474,231,8,-68,889
1369,1396,9/29/2016,1475,231,8,-72,890
1370,1395,9/30/2016,1476,232,8,-69,888
1371,1397,10/1/2016,1477,233,8,-72,888
1372,1399,10/2/2016,1478,233,8,-68,887
1373,1398,10/3/2016,1479,234,8,-66,890
1374,1400,10/4/2016,1480,235,8,-68,893
1375,1401,10/5/2016,1481,235,8,-70,893
1376,1403,10/6/2016,1482,236,8,-68,893
1377,1402,10/7/2016,1483,237,8,-68,892
1378,1404,10/8/2016,1484,237,8,-68,895
1379,1405,10/9/2016,1485,238,8,-71,899
1380,1406,10/10/2016,1486,239,8,-71,901
1381,1407,10/11/2016,1487,239,8,-68,901
1382,1408,10/12/2016,1488,240,9,-69,902
1383,1410,10/14/2016,1489,240,9,-68,903
1384,1411,10/15/2016,1490,241,9,-66,904
1385,1409,10/16/2016,1491,242,9,-69,906
1386,1412,10/17/2016,1492,242,9,-68,910
1387,1413,10/18/2016,1493,243,9,-70,905
1388,1414,10/19/2016,1494,244,9,-70,904
1389,1416,10/20/2016,1495,244,9,-71,903
1390,1415,10/21/2016,1496,245,9,-72,906
1391,1417,10/22/2016,1497,246,9,-68,909
1392,1418,10/23/2016,1498,246,9,-68,907
1393,1419,10/24/2016,1499,247,9,-69,903
1394,1420,10/25/2016,1500,248,9,-70,903
1395,1421,10/26/2016,1501,248,9,-69,903
1396,1422,10/27/2016,1502,249,9,-69,907
1397,1424,10/28/2016,1503,250,9,-70,909
1398,1423,10/29/2016,1504,250,9,-69,910
1399,1425,10/30/2016,1505,251,9,-69,906
1400,1426,10/31/2016,1506,252,9,-71,907
1401,1427,11/1/2016,1507,252,9,-70,907
1402,1428,11/2/2016,1508,253,9,-70,907
1403,1430,11/3/2016,1509,254,9,-70,910
1404,1431,11/4/2016,1510,254,9,-70,908
1405,1429,11/5/2016,1511,255,9,-77,908
1406,1432,11/6/2016,1512,255,9,-78,906
1407,1433,11/7/2016,1513,256,9,-74,907
1408,1434,11/8/2016,1514,257,9,-73,906
1409,1435,11/9/2016,1515,257,9,-76,906
1410,1436,11/10/2016,1516,258,9,-71,909
1411,1437,11/11/2016,1517,259,9,-76,911
1412,1438,11/12/2016,1518,259,9,-78,909
1413,1440,11/13/2016,1519,260,9,-72,906
1414,1439,11/14/2016,1520,261,9,-73,905
1415,1441,11/15/2016,1521,261,9,-71,905
1416,1442,11/16/2016,1522,262,9,-71,905
1417,1443,11/17/2016,1523,263,9,-77,905
1418,1444,11/18/2016,1524,263,9,-76,904
1419,1445,11/20/2016,1525,264,9,-74,902
1420,1446,11/21/2016,1526,265,9,-72,900
1421,1449,11/22/2016,1527,265,9,-71,900
1422,1450,11/23/2016,1528,266,9,-72,898
1423,1451,11/24/2016,1529,267,9,-73,900
1424,1452,11/25/2016,1530,267,9,-71,899
1425,1447,11/26/2016,1531,268,9,-76,900
1426,1448,11/27/2016,1532,268,9,-72,900
1427,1453,11/28/2016,1533,269,9,-72,896
1428,1454,11/29/2016,1534,270,10,-73,898
1429,1455,11/30/2016,1535,270,10,-73,900
1430,1456,12/1/2016,1536,271,10,-71,901
1431,1458,12/2/2016,1537,272,10,-74,900
1432,1457,12/3/2016,1538,272,10,-73,898
1433,1459,12/4/2016,1539,273,10,-74,896
1434,1460,12/5/2016,1540,274,10,-72,896
1435,1461,12/6/2016,1541,274,10,-76,895
1436,1462,12/7/2016,1542,275,10,-73,895
1437,1464,12/8/2016,1543,276,10,-74,896
1438,1463,12/9/2016,1544,276,10,-71,894
1439,1465,12/10/2016,1545,277,10,-73,891
1440,1467,12/11/2016,1546,277,10,-73,889
1441,1466,12/12/2016,1547,278,10,-75,887
1442,1468,12/13/2016,1548,279,10,-76,887
1443,1469,12/14/2016,1549,279,10,-76,887
1444,1472,12/15/2016,1550,280,10,-71,888
1445,1471,12/16/2016,1551,281,10,-71,886
1446,1470,12/17/2016,1552,281,10,-74,886
1447,1474,12/18/2016,1553,282,10,-77,884
1448,1473,12/19/2016,1554,283,10,-70,882
1449,1477,12/20/2016,1555,283,10,-71,883
1450,1478,12/21/2016,1556,284,10,-72,883
1451,1475,12/22/2016,1557,284,10,-70,883
1452,1476,12/23/2016,1558,285,10,-72,880
1453,1484,12/24/2016,1559,286,10,-76,879
1454,1482,12/25/2016,1560,286,10,-76,877
1455,1485,12/27/2016,1561,287,10,-77,877
1456,1479,12/28/2016,1562,288,10,-73,877
1457,1483,12/29/2016,1563,288,10,-75,879
1458,1481,12/30/2016,1564,289,10,-70,877
1459,1480,12/31/2016,1565,290,10,-72,874
1460,1487,1/1/2017,1566,290,10,-76,876
1461,1486,1/2/2017,1567,291,10,-70,872
1462,1488,1/3/2017,1568,291,10,-71,876
1463,1492,1/4/2017,1569,292,10,-70,873
1464,1491,1/5/2017,1570,293,10,-71,873
1465,1490,1/6/2017,1571,293,10,-70,873
1466,1489,1/7/2017,1572,294,10,-81,869
1467,1493,1/8/2017,1573,295,10,-74,872
1468,1495,1/9/2017,1574,295,10,-72,868
1469,1494,1/10/2017,1575,296,10,-73,871
1470,1496,1/11/2017,1576,296,10,-72,869
1471,1498,1/12/2017,1577,297,10,-72,866
1472,1499,1/13/2017,1578,298,10,-74,868
1473,1500,1/14/2017,1579,298,10,-73,862
1474,1497,1/15/2017,1580,299,10,-72,867
1475,1501,1/16/2017,1581,299,10,-72,862
1476,1503,1/17/2017,1582,300,11,-74,862
1477,1502,1/18/2017,1583,301,11,-75,862
1478,1505,1/19/2017,1584,301,11,-77,860
1479,1506,1/20/2017,1585,302,11,-76,864
1480,1504,1/21/2017,1586,303,11,-72,858
1481,1508,1/22/2017,1587,303,11,-73,860
1482,1507,1/23/2017,1588,304,11,-72,858
1483,1510,1/24/2017,1589,304,11,-72,857
1484,1509,1/25/2017,1590,305,11,-76,860
1485,1512,1/26/2017,1591,306,11,-73,852
1486,1511,1/27/2017,1592,306,11,-71,857
1487,1513,1/28/2017,1593,307,11,-72,852
1488,1514,1/29/2017,1594,307,11,-74,855
1489,1515,1/30/2017,1595,308,11,-71,855
1490,1516,1/31/2017,1596,309,11,-74,850
1491,1517,2/1/2017,1597,309,11,-73,855
1492,1519,2/3/2017,1598,310,11,-70,849
1493,1518,2/4/2017,1599,310,11,-72,853
1494,1520,2/5/2017,1600,311,11,-71,850
1495,1522,2/6/2017,1601,312,11,-71,853
1496,1521,2/7/2017,1602,312,11,-77,852
1497,1523,2/8/2017,1603,313,11,-76,847
1498,1524,2/9/2017,1604,313,11,-77,850
1499,1526,2/10/2017,1605,314,11,-73,846
1500,1525,2/11/2017,1606,315,11,-75,850
1501,1528,2/12/2017,1607,315,11,-77,846
1502,1527,2/13/2017,1608,316,11,-72,847
1503,1529,2/14/2017,1609,316,11,-71,847
1504,1534,2/18/2017,1613,319,11,-72,846
1505,1533,2/19/2017,1614,319,11,-73,837
1506,1536,2/20/2017,1615,320,11,-73,842
1507,1535,2/21/2017,1616,320,11,-73,848
1508,1537,2/22/2017,1617,321,11,-72,840
1509,1540,2/23/2017,1618,322,11,-71,845
1510,1538,2/24/2017,1619,322,11,-73,841
1511,1539,2/25/2017,1620,323,11,-70,844
1512,1541,2/26/2017,1621,323,11,-73,842
1513,1542,2/27/2017,1622,324,11,-71,841
1514,1544,2/28/2017,1623,324,11,-71,840
1515,1543,3/1/2017,1624,325,11,-72,837
1516,1546,3/2/2017,1625,326,11,-71,839
1517,1545,3/3/2017,1626,326,11,-71,839
1518,1547,3/4/2017,1627,327,11,-72,838
1519,1549,3/5/2017,1628,327,11,-71,839
1520,1548,3/6/2017,1629,328,11,-74,837
1521,1551,3/7/2017,1630,328,11,-77,838
1522,1550,3/8/2017,1631,329,11,-77,837
1523,1552,3/9/2017,1632,330,12,-72,836
1524,1554,3/10/2017,1633,330,12,-75,834
1525,1553,3/12/2017,1634,331,12,-72,834
1526,1555,3/13/2017,1635,331,12,-73,833
1527,1556,3/14/2017,1636,332,12,-72,834
1528,1557,3/15/2017,1637,332,12,-73,833
1529,1559,3/16/2017,1638,333,12,-73,833
1530,1558,3/17/2017,1639,334,12,-71,832
1531,1561,3/18/2017,1640,334,12,-72,832
1532,1560,3/19/2017,1641,335,12,-72,831
1533,1564,3/20/2017,1642,335,12,-72,829
1534,1563,3/21/2017,1643,336,12,-74,832
1535,1562,3/22/2017,1644,336,12,-74,832
1536,1567,3/23/2017,1645,337,12,-74,832
1537,1565,3/24/2017,1646,337,12,-74,831
1538,1566,3/25/2017,1647,338,12,-73,831
1539,1568,3/26/2017,1648,339,12,-73,830
1540,1569,3/27/2017,1649,339,12,-74,830
1541,1570,3/28/2017,1650,340,12,-75,833
1542,1571,3/29/2017,1651,340,12,-77,833
1543,1572,3/30/2017,1652,341,12,-76,834
1544,1573,3/31/2017,1653,341,12,-75,833
1545,1575,4/1/2017,1654,342,12,-75,829
1546,1574,4/2/2017,1655,342,12,-76,831
1547,1576,4/3/2017,1656,343,12,-75,832
1548,1578,4/4/2017,1657,343,12,-75,836
1549,1577,4/5/2017,1658,344,12,-77,835
1550,1579,4/6/2017,1659,345,12,-77,832
1551,1581,4/7/2017,1660,345,12,-74,832
1552,1580,4/8/2017,1661,346,12,-75,831
1553,1583,4/9/2017,1662,346,12,-75,831
1554,1584,4/10/2017,1663,347,12,-74,832
1555,1586,4/11/2017,1664,347,12,-74,832
1556,1585,4/12/2017,1665,348,12,-76,833
1557,1582,4/13/2017,1666,348,12,-76,834
1558,1588,4/14/2017,1667,349,12,-76,833
1559,1587,4/15/2017,1668,349,12,-77,831
1560,1589,4/16/2017,1669,350,12,-74,833
1561,1590,4/18/2017,1670,350,12,-76,834
1562,1591,4/19/2017,1671,351,12,-76,832
1563,1592,4/20/2017,1672,351,12,-74,833
1564,1594,4/21/2017,1673,352,12,-75,836
1565,1593,4/22/2017,1674,352,12,-75,835
1566,1595,4/23/2017,1675,353,12,-75,835
1567,1596,4/24/2017,1676,354,12,-76,837
1568,1597,4/25/2017,1677,354,12,-74,835
1569,1598,4/26/2017,1678,355,12,-74,836
1570,1599,4/27/2017,1679,355,12,-75,836
1571,1601,4/28/2017,1680,356,12,-74,835
1572,1602,4/29/2017,1681,356,12,-74,837
1573,1603,4/30/2017,1682,357,12,-76,839
1574,1600,5/1/2017,1683,357,12,-75,837
1575,1604,5/2/2017,1684,358,12,-75,837
1576,1605,5/3/2017,1685,358,12,-77,838
1577,1607,5/4/2017,1686,359,12,-75,838
1578,1608,5/5/2017,1687,359,12,-75,838
1579,1606,5/6/2017,1688,0,1,-76,840
1580,1610,5/7/2017,1689,0,1,-75,840
1581,1609,5/8/2017,1690,1,1,-76,840
1582,1614,5/10/2017,1692,2,1,-62,820
1583,1612,5/11/2017,1693,2,1,-76,840
1584,1613,5/12/2017,1694,3,1,-76,840
1585,1611,5/13/2017,1695,3,1,-77,840
1586,1615,5/14/2017,1696,4,1,-75,841
1587,1616,5/15/2017,1697,4,1,-77,841
1588,1618,5/16/2017,1698,5,1,-77,842
1589,1617,5/17/2017,1699,5,1,-76,843
1590,1619,5/18/2017,1700,6,1,-76,842
1591,1620,5/19/2017,1701,6,1,-76,841
1592,1621,5/20/2017,1702,7,1,-75,842
1593,1622,5/21/2017,1703,7,1,-76,843
1594,1625,5/22/2017,1704,8,1,-77,844
1595,1623,5/23/2017,1705,8,1,-76,845
1596,1624,5/24/2017,1706,9,1,-77,845
1597,1627,5/26/2017,1707,9,1,-77,846
1598,1626,5/27/2017,1708,10,1,-76,846
1599,1628,5/28/2017,1709,10,1,-76,847
1600,1629,5/29/2017,1710,11,1,-76,848
1601,1631,5/30/2017,1711,11,1,-75,848
1602,1630,5/31/2017,1712,12,1,-77,849
1603,1635,6/1/2017,1713,12,1,-75,850
1604,1633,6/2/2017,1714,13,1,-77,849
1605,1634,6/3/2017,1715,13,1,-77,851
1606,1632,6/4/2017,1716,14,1,-76,850
1607,1636,6/5/2017,1717,14,1,-76,851
1608,1637,6/6/2017,1718,15,1,-77,852
1609,1639,6/7/2017,1719,15,1,-77,853
1610,1638,6/8/2017,1720,16,1,-76,853
1611,1641,6/9/2017,1721,16,1,-76,852
1612,1640,6/10/2017,1722,17,1,-77,854
1613,1642,6/11/2017,1723,17,1,-76,854
1614,1643,6/12/2017,1724,18,1,-77,856
1615,1644,6/13/2017,1725,18,1,-79,857
1616,1645,6/14/2017,1726,19,1,-76,855
1617,1647,6/15/2017,1727,19,1,-75,855
1618,1648,6/16/2017,1728,20,1,-76,855
1619,1646,6/17/2017,1729,20,1,-76,858
1620,1650,6/18/2017,1730,21,1,-77,858
1621,1649,6/19/2017,1731,21,1,-78,857
1622,1651,6/20/2017,1732,22,1,-78,858
1623,1652,6/21/2017,1733,22,1,-77,859
1624,1655,6/22/2017,1734,23,1,-78,859
1625,1653,6/23/2017,1735,23,1,-78,861
1626,1654,6/24/2017,1736,23,1,-77,860
1627,1656,6/25/2017,1737,24,1,-78,861
1628,1657,6/26/2017,1738,24,1,-78,861
1629,1658,6/27/2017,1739,25,1,-77,861
1630,1662,6/28/2017,1740,25,1,-78,861
1631,1659,6/29/2017,1741,26,1,-78,863
1632,1661,6/30/2017,1742,26,1,-77,865
1633,1660,7/2/2017,1743,27,1,-78,863
1634,1663,7/3/2017,1744,27,1,-78,863
1635,1664,7/4/2017,1745,28,1,-78,865
1636,1665,7/5/2017,1746,28,1,-76,866
1637,1666,7/6/2017,1747,29,1,-79,866
1638,1668,7/7/2017,1748,29,1,-79,867
1639,1667,7/8/2017,1749,30,2,-76,867
1640,1669,7/9/2017,1750,30,2,-77,867
1641,1670,7/10/2017,1751,31,2,-78,867
1642,1671,7/11/2017,1752,31,2,-80,867
1643,1672,7/12/2017,1753,32,2,-76,868
1644,1673,7/13/2017,1754,32,2,-78,870
1645,1674,7/14/2017,1755,32,2,-77,870
1646,1675,7/15/2017,1756,33,2,-78,871
1647,1676,7/16/2017,1757,33,2,-78,871
1648,1677,7/17/2017,1758,34,2,-78,871
1649,1678,7/18/2017,1759,34,2,-77,871
1650,1679,7/19/2017,1760,35,2,-78,872
1651,1684,7/20/2017,1761,35,2,-77,872
1652,1687,7/21/2017,1762,36,2,-77,872
1653,1680,7/22/2017,1763,36,2,-78,873
1654,1682,7/23/2017,1764,37,2,-79,872
1655,1690,7/24/2017,1765,37,2,-77,873
1656,1688,7/25/2017,1766,38,2,-79,873
1657,1691,7/26/2017,1767,38,2,-77,874
1658,1683,7/27/2017,1768,39,2,-78,875
1659,1689,7/28/2017,1769,39,2,-76,875
1660,1686,7/29/2017,1770,39,2,-79,875
1661,1692,7/30/2017,1771,40,2,-79,876
1662,1681,7/31/2017,1772,40,2,-78,876
1663,1685,8/1/2017,1773,41,2,-78,876
1664,1693,8/2/2017,1774,41,2,-79,877
1665,1694,8/3/2017,1775,42,2,-80,877
1666,1696,8/4/2017,1776,42,2,-79,877
1667,1695,8/5/2017,1777,43,2,-79,877
1668,1697,8/6/2017,1778,43,2,-81,877
1669,1698,8/7/2017,1779,44,2,-78,878
1670,1699,8/9/2017,1780,44,2,-77,879
1671,1700,8/10/2017,1781,45,2,-78,879
1672,1701,8/11/2017,1782,45,2,-78,878
1673,1703,8/12/2017,1783,45,2,-79,879
1674,1702,8/13/2017,1784,46,2,-80,883
1675,1704,8/14/2017,1785,46,2,-77,881
1676,1705,8/16/2017,1787,47,2,-79,881
1677,1706,8/17/2017,1788,48,2,-79,881
1678,1708,8/18/2017,1789,48,2,-79,881
1679,1707,8/19/2017,1790,49,2,-81,882
1680,1709,8/20/2017,1791,49,2,-79,882
1681,1710,8/21/2017,1792,50,2,-80,883
1682,1711,8/22/2017,1793,50,2,-80,883
1683,1712,8/23/2017,1794,50,2,-80,883
1684,1714,8/24/2017,1795,51,2,-81,882
1685,1715,8/25/2017,1796,51,2,-80,883
1686,1713,8/26/2017,1797,52,2,-79,884
1687,1716,8/27/2017,1798,52,2,-79,883
1688,1717,8/28/2017,1799,53,2,-78,883
1689,1718,8/29/2017,1800,53,2,-80,883
1690,1719,8/30/2017,1801,54,2,-80,882
1691,1722,8/31/2017,1802,54,2,-79,882
1692,1723,9/1/2017,1803,55,2,-78,882
1693,1720,9/2/2017,1804,55,2,-78,883
1694,1721,9/3/2017,1805,55,2,-78,883
1695,1724,9/4/2017,1806,56,2,-80,884
1696,1725,9/5/2017,1807,56,2,-78,884
1697,1726,9/6/2017,1808,57,2,-79,884
1698,1728,9/7/2017,1809,57,2,-80,884
1699,1729,9/8/2017,1810,58,2,-78,883
1700,1727,9/9/2017,1811,58,2,-79,882
1701,1730,9/10/2017,1812,59,2,-79,882
1702,1731,9/11/2017,1813,59,2,-80,881
1703,1732,9/12/2017,1814,59,2,-80,881
1704,1733,9/13/2017,1815,60,3,-81,881
1705,1734,9/15/2017,1816,60,3,-82,882
1706,1735,9/16/2017,1817,61,3,-80,882
1707,1736,9/17/2017,1818,61,3,-81,881
1708,1737,9/18/2017,1819,62,3,-82,880
1709,1738,9/19/2017,1820,62,3,-79,881
1710,1740,9/20/2017,1821,63,3,-81,882
1711,1739,9/21/2017,1822,63,3,-78,881
1712,1743,9/22/2017,1823,64,3,-80,879
1713,1742,9/23/2017,1824,64,3,-80,879
1714,1741,9/24/2017,1825,64,3,-80,878
1715,1744,9/25/2017,1826,65,3,-80,878
1716,1745,9/26/2017,1827,65,3,-80,879
1717,1746,9/27/2017,1828,66,3,-80,878
1718,1749,9/28/2017,1829,66,3,-78,877
1719,1748,9/29/2017,1830,67,3,-80,877
1720,1747,9/30/2017,1831,67,3,-80,876
1721,1750,10/1/2017,1832,68,3,-84,875
1722,1751,10/2/2017,1833,68,3,-81,875
1723,1752,10/3/2017,1834,68,3,-80,875
1724,1753,10/4/2017,1835,69,3,-80,873
1725,1755,10/5/2017,1836,69,3,-81,873
1726,1756,10/6/2017,1837,70,3,-81,872
1727,1754,10/7/2017,1838,70,3,-79,872
1728,1757,10/8/2017,1839,71,3,-80,872
1729,1758,10/9/2017,1840,71,3,-77,871
1730,1759,10/10/2017,1841,72,3,-77,870
1731,1761,10/11/2017,1842,72,3,-79,869
1732,1760,10/12/2017,1843,72,3,-80,869
1733,1762,10/13/2017,1844,73,3,-81,869
1734,1763,10/14/2017,1845,73,3,-80,868
1735,1765,10/15/2017,1846,74,3,-80,868
1736,1764,10/16/2017,1847,74,3,-80,866
1737,1766,10/17/2017,1848,75,3,-80,865
1738,1770,10/18/2017,1849,75,3,-80,864
1739,1768,10/19/2017,1850,76,3,-80,864
1740,1767,10/20/2017,1851,76,3,-87,864
1741,1769,10/22/2017,1852,77,3,-80,863
1742,1771,10/23/2017,1853,77,3,-80,862
1743,1772,10/24/2017,1854,77,3,-80,861
1744,1773,10/25/2017,1855,78,3,-78,861
1745,1774,10/26/2017,1856,78,3,-80,859
1746,1776,10/27/2017,1857,79,3,-80,858
1747,1775,10/28/2017,1858,79,3,-81,857
1748,1779,10/29/2017,1859,80,3,-79,857
1749,1778,10/30/2017,1860,80,3,-80,857
1750,1780,10/31/2017,1861,81,3,-79,855
1751,1777,11/1/2017,1862,81,3,-81,854
1752,1781,11/2/2017,1863,81,3,-80,853
1753,1782,11/3/2017,1864,82,3,-82,852
1754,1783,11/4/2017,1865,82,3,-80,852
1755,1785,11/5/2017,1866,83,3,-80,850
1756,1784,11/6/2017,1867,83,3,-78,848
1757,1786,11/7/2017,1868,84,3,-80,848
1758,1787,11/8/2017,1869,84,3,-81,846
1759,1788,11/9/2017,1870,85,3,-81,845
1760,1789,11/10/2017,1871,85,3,-80,844
1761,1791,11/11/2017,1872,86,3,-79,843
1762,1790,11/12/2017,1873,86,3,-79,842
1763,1792,11/13/2017,1874,86,3,-80,840
1764,1793,11/14/2017,1875,87,3,-79,839
1765,1794,11/15/2017,1876,87,3,-79,838
1766,1797,11/16/2017,1877,88,3,-79,837
1767,1795,11/17/2017,1878,88,3,-79,835
1768,1796,11/18/2017,1879,89,3,-79,834
1769,1798,11/19/2017,1880,89,3,-79,833
1770,1803,11/20/2017,1881,90,4,-79,832
1771,1801,11/21/2017,1882,90,4,-78,831
1772,1800,11/22/2017,1883,91,4,-78,830
1773,1799,11/23/2017,1884,91,4,-79,829
1774,1804,11/24/2017,1885,91,4,-79,827
1775,1805,11/25/2017,1886,92,4,-79,826
1776,1802,11/26/2017,1887,92,4,-79,824
1777,1807,11/27/2017,1888,93,4,-79,823
1778,1806,11/29/2017,1889,93,4,-80,822
1779,1808,11/30/2017,1890,94,4,-79,821
1780,1810,12/1/2017,1891,94,4,-80,819
1781,1809,12/2/2017,1892,95,4,-81,817
1782,1812,12/3/2017,1893,95,4,-79,816
1783,1811,12/4/2017,1894,96,4,-79,815
1784,1814,12/5/2017,1895,96,4,-78,814
1785,1813,12/6/2017,1896,96,4,-79,812
1786,1817,12/7/2017,1897,97,4,-80,811
1787,1816,12/8/2017,1898,97,4,-81,810
1788,1815,12/9/2017,1899,98,4,-81,808
1789,1818,12/10/2017,1900,98,4,-81,807
1790,1819,12/11/2017,1901,99,4,-81,806
1791,1820,12/12/2017,1902,99,4,-79,804
1792,1821,12/13/2017,1903,100,4,-78,803
1793,1822,12/14/2017,1904,100,4,-79,801
1794,1823,12/15/2017,1905,101,4,-80,800
1795,1824,12/16/2017,1906,101,4,-79,799
1796,1825,12/17/2017,1907,101,4,-79,798
1797,1826,12/18/2017,1908,102,4,-79,796
1798,1827,12/19/2017,1909,102,4,-80,795
1799,1828,12/20/2017,1910,103,4,-80,794
1800,1833,12/21/2017,1911,103,4,-79,792
1801,1832,12/22/2017,1912,104,4,-80,791
1802,1830,12/23/2017,1913,104,4,-79,791
1803,1834,12/24/2017,1914,105,4,-78,790
1804,1835,12/25/2017,1915,105,4,-78,788
1805,1829,12/26/2017,1916,106,4,-79,787
1806,1831,12/27/2017,1917,106,4,-80,786
1807,1839,12/28/2017,1918,107,4,-77,784
1808,1836,12/29/2017,1919,107,4,-77,783
1809,1837,12/30/2017,1920,108,4,-77,782
1810,1838,12/31/2017,1921,108,4,-78,781
1811,1840,1/1/2018,1922,108,4,-79,780
1812,1842,1/2/2018,1923,109,4,-77,778
1813,1841,1/3/2018,1924,109,4,-78,777
1814,1844,1/5/2018,1925,110,4,-79,777
1815,1843,1/6/2018,1926,110,4,-80,775
1816,1845,1/7/2018,1927,111,4,-79,774
1817,1847,1/8/2018,1928,111,4,-78,773
1818,1846,1/9/2018,1929,112,4,-79,771
1819,1848,1/10/2018,1930,112,4,-79,770
1820,1849,1/11/2018,1931,113,4,-79,770
1821,1850,1/12/2018,1932,113,4,-79,768
1822,1852,1/13/2018,1933,114,4,-78,767
1823,1851,1/14/2018,1934,114,4,-79,766
1824,1853,1/15/2018,1935,115,4,-80,765
1825,1855,1/16/2018,1936,115,4,-79,764
1826,1854,1/17/2018,1937,116,4,-80,763
1827,1859,1/18/2018,1938,116,4,-78,762
1828,1857,1/19/2018,1939,116,4,-78,760
1829,1858,1/20/2018,1940,117,4,-77,759
1830,1856,1/21/2018,1941,117,4,-77,758
1831,1860,1/22/2018,1942,118,4,-78,757
1832,1863,1/23/2018,1943,118,4,-78,756
1833,1861,1/24/2018,1944,119,4,-80,755
1834,1862,1/25/2018,1945,119,4,-78,754
1835,1864,1/26/2018,1946,120,5,-79,753
1836,1865,1/27/2018,1947,120,5,-78,751
1837,1866,1/28/2018,1948,121,5,-78,752
1838,1867,1/29/2018,1949,121,5,-78,751
1839,1868,1/30/2018,1950,122,5,-79,750
1840,1869,1/31/2018,1951,122,5,-77,749
1841,1871,2/1/2018,1952,123,5,-80,748
1842,1870,2/2/2018,1953,123,5,-78,747
1843,1872,2/3/2018,1954,124,5,-77,745
1844,1873,2/4/2018,1955,124,5,-77,745
1845,1879,2/5/2018,1956,125,5,-79,744
1846,1875,2/6/2018,1957,125,5,-77,742
1847,1874,2/7/2018,1958,126,5,-77,741
1848,1878,2/8/2018,1959,126,5,-78,740
1849,1876,2/9/2018,1960,127,5,-78,740
1850,1877,2/11/2018,1961,127,5,-77,740
1851,1880,2/12/2018,1962,128,5,-78,738
1852,1881,2/13/2018,1963,128,5,-77,737
1853,1882,2/14/2018,1964,129,5,-76,736
1854,1883,2/15/2018,1965,129,5,-76,735
1855,1884,2/16/2018,1966,130,5,-77,735
1856,1885,2/17/2018,1967,130,5,-76,734
1857,1886,2/18/2018,1968,131,5,-76,732
1858,1887,2/19/2018,1969,131,5,-76,732
1859,1888,2/20/2018,1970,132,5,-77,731
1860,1890,2/21/2018,1971,132,5,-78,731
1861,1891,2/22/2018,1972,133,5,-78,730
1862,1889,2/23/2018,1973,133,5,-78,730
1863,1892,2/24/2018,1974,134,5,-77,729
1864,1894,2/25/2018,1975,134,5,-76,729
1865,1893,2/26/2018,1976,135,5,-77,728
1866,1895,2/27/2018,1977,135,5,-77,727
